text,label,predicted_label,predicted_probability,prob_negative,prob_neutral,prob_positive
android marshmallow <number> . <number> . <number> won't let me log on the by existing account just keeps saying setting up bbm please fix,negative,negative,0.8678752779960632,0.8678753,0.11824166,0.013883102
map animation stopped working,negative,negative,0.7655446529388428,0.76554465,0.19649452,0.03796083
"good, but slow workflow.",positive,neutral,0.6834997534751892,0.014129209,0.68349975,0.30237105
nice app to use with friends,neutral,positive,0.8886693120002747,0.009887431,0.10144322,0.8886693
"i love this app, but i wish they had more outfit selections for maternity. other than that it's pretty awesome.",positive,positive,0.9160749316215515,0.01383931,0.07008578,0.91607493
radar in motion won't work.,negative,negative,0.9632724523544312,0.96327245,0.029704414,0.007023183
only opened <number> st <number> th pages of <url>,negative,negative,0.7140869498252869,0.71408695,0.24895659,0.036956433
when i was being rained on it said no rain in your <url> it is still a good weather app.,neutral,neutral,0.5789483785629272,0.03940594,0.5789484,0.38164565
everthing is tought before its use,neutral,negative,0.5409496426582336,0.54094964,0.40014145,0.05890894
good content. worth downloading,neutral,positive,0.7671014666557312,0.008832719,0.22406586,0.76710147
"it's a great and fun app for emoji use, i like the customization. but there needs to be more clothing and style options. i feel like there needs to be styles with clothing and hair, such as punk, goth, rocker, traditional, futuristic, fairy, and many more. other than wanting more styles to choose from this app is great",positive,positive,0.8937702775001526,0.011295696,0.094934046,0.8937703
"wow, this is a terrible app. no open dialog or page goto. i had expected better from an actual adobe app.",negative,negative,0.9628764986991882,0.9628765,0.029378552,0.0077449065
i m fed of this <url> has posted it add every where,negative,negative,0.5567303895950317,0.5567304,0.3405851,0.10268451
it is very usefull browser,positive,positive,0.7408124804496765,0.023781637,0.23540585,0.7408125
its a bit slow vs thinking office and also text anti aliasing is bad,neutral,neutral,0.8351112604141235,0.075591035,0.83511126,0.08929772
"it was great for me and the owner was very nice to us.,but the price change when i pay from <number> to <number>",neutral,positive,0.6295375227928162,0.022687936,0.34777457,0.6295375
provide some good <url> the only bad thing about this app is lack of good <url> hope you make it <url>,neutral,positive,0.6120957136154175,0.019141322,0.36876297,0.6120957
problem with saving large photos plz fix ir,neutral,neutral,0.7329682111740112,0.17503038,0.7329682,0.09200138
its a good app but we dont have a night mode option for reading in which the background becomes black and text becomes white in color.,positive,neutral,0.8051090836524963,0.023616757,0.8051091,0.17127414
i hate the new version of bbm,negative,negative,0.9450931549072266,0.94509315,0.04429155,0.010615356
is an interesting app to use.,positive,positive,0.8023574948310852,0.011536952,0.1861056,0.8023575
"used to be great. now lots of issues with network. i keep getting no network errors, as failed to update errors even when signal is great, or i'm connected to my wi-fi at home.",neutral,negative,0.6113235354423523,0.61132354,0.35819036,0.03048603
it always has me in virginia and i live in florida,neutral,neutral,0.439590722322464,0.13176283,0.43959072,0.42864648
it is the very good ape to any one download,positive,positive,0.8416023850440979,0.014950572,0.14344704,0.8416024
not up to the mark,neutral,neutral,0.6007543206214905,0.32611102,0.6007543,0.07313458
useless boring it's of no use now days just like mxit,negative,negative,0.9377641677856445,0.93776417,0.05263964,0.0095961355
very easy to use,positive,positive,0.9131319522857666,0.015973918,0.07089412,0.91313195
worst upadate this update dont respond whenever i access my download section so hated it.,negative,negative,0.9645726084709167,0.9645726,0.027914785,0.007512621
i have lots of state that i watch. my home town will not show what it feels like. all the others do. i have tried a few different things and it won't work. don't understand but it is important to me to know how cold it feels out. i can go to hourly and it tells me but should not have to! i'm uninstalling!,neutral,negative,0.7282282114028931,0.7282282,0.24225412,0.029517673
better and more accurate then most other weather apps.,positive,positive,0.8953709006309509,0.012997326,0.09163184,0.8953709
fun!!! just wish i could make one of my bf.,neutral,positive,0.8979545831680298,0.01685982,0.08518558,0.8979546
worthless does not open password protected pdf as stated,negative,negative,0.9490208625793457,0.94902086,0.04286266,0.008116406
shoddy ui and keeps logging me out,negative,negative,0.7948440313339233,0.79484403,0.18558197,0.01957399
"very accurate, which is important! how about a <number> x <number> widget?",positive,positive,0.7505760192871094,0.020544052,0.2288799,0.750576
i like the set up.,positive,positive,0.8546953797340393,0.015704274,0.1296003,0.8546954
"looks interesting at initial install, however the advertisement photos and the camera lay out are different to my install on a samsung galaxy note <number> . missing too many features compared to the full pc. version, particularly tagging and indexing. camera is not as good as the original camera being on the dark side. a nice app. however adds not enough to warrant keeping. perhaps in the future updates. most notably is missing the side by side photo comparison which was the main reason for installation.",neutral,neutral,0.7152771949768066,0.018331157,0.7152772,0.26639163
nexus <number> and samsung s <number>,positive,neutral,0.4231061339378357,0.402237,0.42310613,0.17465685
"crashing. app crashes and freezes constantly. on htc one m <number> , and the app is completely broken.",negative,negative,0.9493632912635803,0.9493633,0.041001264,0.009635478
plz provide watermarking <url>,positive,positive,0.6211543083190918,0.072032966,0.30681273,0.6211543
u can download all movies in any language at movie <url> it okkk,neutral,neutral,0.6416569948196411,0.2913338,0.641657,0.06700923
pls add more features for android like iphone features,neutral,positive,0.5452155470848083,0.033898413,0.42088604,0.54521555
nice app but when i taking picture with this app i have little problem here the range have limited only <number> - <number> meter even i set focus to infinity still can't get to it. i shoot with pro mode <url> you can fix that it will be <url>,neutral,positive,0.5071120262145996,0.018882478,0.4740055,0.507112
it's not a web browser. it's an ad browser,negative,negative,0.8387018442153931,0.83870184,0.14491121,0.016386915
a lot of a bug here,negative,neutral,0.46978285908699036,0.4607892,0.46978286,0.069428
shame forest starts again every day would be nice to build a huge forest like monthly or so,positive,neutral,0.6774892210960388,0.19931099,0.6774892,0.12319981
"this app is so fun! my friends and family love exchanging silly bitmojis in our texts. the only reason why i gave it <number> stars is because i wish there was a way for your to organize the bitmojis, so you can quickly access certain ones instead of having to scroll through them or search. also, the outfits are pretty awful. they need a little more fashion. lol however, the art and creativity in the bitmojis are terrific!",positive,positive,0.6364212036132812,0.033430763,0.330148,0.6364212
i love it but we need video support!,neutral,positive,0.8204834461212158,0.023234395,0.1562822,0.82048345
the app is is good but,neutral,neutral,0.7290970087051392,0.018104348,0.729097,0.25279865
it is taking forever to load. never had this issue before. just started a few weeks ago,neutral,neutral,0.5651849508285522,0.3769514,0.56518495,0.05786367
map stopped animating over a week ago on my samsung galaxy s <number> . please fix. used to be the <signature>,negative,negative,0.6647035479545593,0.66470355,0.29646102,0.03883543
"it definitely helps me stay focused and off my phone. the one complaint i have is that when i have my phone on silent/vibrate, when i plant a tree my phone goes into standard/sounds on mode. i don't like that at all, i have it on silent for a reason.",positive,positive,0.6896777153015137,0.014671111,0.29565117,0.6896777
one   for doing this nasty ios port,negative,negative,0.8467062711715698,0.8467063,0.11614098,0.03715279
unmounted my sd card,negative,negative,0.9284100532531738,0.92841005,0.061565734,0.010024309
why can i not delete saved locations? and ive read thtough it many times and dont see anyway at all to delte previously saved locations!!? im going to have to uninstall the app and then reinstall it to reset this location deleting issue u have!?!???,neutral,negative,0.8762154579162598,0.87621546,0.11221623,0.011568349
"lacks capability to browse for local file. no goto page option, <number> page documents impossible to read. no 'bookmark' to save <url> apps avail",negative,negative,0.7429295778274536,0.7429296,0.23535448,0.021715961
bbm is easy to use and simple way for chating to my friends and <url> !,neutral,positive,0.8516442179679871,0.019290553,0.12906522,0.8516442
make it better please,positive,neutral,0.49634453654289246,0.027322236,0.49634454,0.4763332
"i liked the game as well as the concept. it would be better if it gave a sort of buzzer when time was up, and if you could add some personalization.",positive,positive,0.7806134819984436,0.016974399,0.20241211,0.7806135
"useful app nice app for opening documents, no adverts,easy to use and doesn't need a lot of experience",positive,positive,0.8721731901168823,0.009213584,0.11861322,0.8721732
easy to book and great choice and information.,positive,positive,0.9321237802505493,0.012943294,0.054932874,0.9321238
never trust earth networks again,negative,negative,0.9457623958587646,0.9457624,0.044619363,0.009618284
what happened to the elite version i paid for?,negative,negative,0.9544557929039001,0.9544558,0.0359314,0.0096128695
lots of problems with the map,neutral,neutral,0.617326557636261,0.31807584,0.61732656,0.06459755
simple and easy to use,positive,positive,0.883537769317627,0.013181225,0.103281006,0.88353777
"enjoyed the app until the <url> then the ticker quit <url> the pop up ads in the ticker are annoying. when you get all that shut off in settings, it works great!",positive,neutral,0.5400630235671997,0.026560077,0.540063,0.43337694
radar does not work. will not stay on my home city.,negative,negative,0.9630406498908997,0.96304065,0.029492913,0.0074664187
it would be nice if it was in different languages.,neutral,neutral,0.5325800180435181,0.0127206575,0.53258,0.45469928
some tools can be available and improved without having to open an account or sign in each time like with drive but in general is pretty useful and have good features also please create the bin icon instead of the <number> dots and once you choose a file you can't delete only if you go back,positive,positive,0.7867093682289124,0.011141701,0.20214897,0.78670937
"i love it! however, i do a lot of work on my phone and so i would like an option to run the app while using my phone, without it killing a tree!",positive,positive,0.9016700387001038,0.019712783,0.0786172,0.90167004
good app easy to use. the lens correction function doesn't seem to work though. but maybe i am unaware of how it's supposed to work.,positive,positive,0.7353619933128357,0.010287944,0.25435004,0.735362
there should be feature by which we can see who saw my message in a group and who doesn't. like we have in what's app,positive,neutral,0.662781298160553,0.0242003,0.6627813,0.31301847
"can we get this to, somehow, plant an actual tree? say, for a certain amount of trees grown succesfully a tree gets planted at some forest in need.",negative,neutral,0.5268030166625977,0.08540485,0.526803,0.38779208
contains alot of ads,positive,neutral,0.6846470832824707,0.21788709,0.6846471,0.097465806
can't search area,negative,negative,0.6896756887435913,0.6896757,0.2887325,0.02159187
good app for team communications,positive,positive,0.8573773503303528,0.010138615,0.13248405,0.85737735
stopped showing up in my status bar,neutral,negative,0.5112096071243286,0.5112096,0.40074858,0.08804182
use it for studying,positive,positive,0.8550998568534851,0.023154704,0.121745504,0.85509986
too much ads i dont want uc news stop showing me ads to download uc news,negative,negative,0.8943631649017334,0.89436316,0.09415048,0.011486309
installed this app on my zt <number> tablet but wont work annoying!,negative,negative,0.9153149724006653,0.915315,0.07587408,0.008810979
the tree does not die no matter which app i <url> i have tried every setting possible but it doesnot <url>,negative,negative,0.7546508312225342,0.75465083,0.20437185,0.040977333
i love  this app,positive,positive,0.8208131194114685,0.06000362,0.11918335,0.8208131
need to have female and males,neutral,neutral,0.6598345637321472,0.180527,0.65983456,0.1596384
add tick tick clock sound in it,positive,positive,0.6891205906867981,0.020466877,0.29041252,0.6891206
the radar won't work with samsung galaxy s <number> . so lame,negative,negative,0.9608505964279175,0.9608506,0.03192051,0.0072288974
great app. and loads pdf docs faster than many other apps,positive,positive,0.9195891618728638,0.015867058,0.06454386,0.91958916
"fun app! wish i could draw some added details, but fun anyway.",positive,positive,0.8407118916511536,0.012128306,0.14715983,0.8407119
pretty cool app to have.,positive,positive,0.7828921675682068,0.015377699,0.20173019,0.78289217
"clumsy auto-import, but great overall",positive,positive,0.49549010396003723,0.022568041,0.48194188,0.4954901
useless without raw support,negative,negative,0.9565260410308838,0.95652604,0.034601886,0.008872074
tried to use it for my team at work but they just wanted to use the whatsapp groups they currently do which is basically the same thing.,neutral,negative,0.5741881728172302,0.5741882,0.3776454,0.04816652
i think this a smart browser but opera mini fast then uc but good effort by devolpers,positive,positive,0.6403453946113586,0.013610422,0.34604415,0.6403454
i am facing problem while using it needed to work on user interface its getting slow and hangs sometimes,neutral,neutral,0.6041784882545471,0.3285864,0.6041785,0.067235135
"it's an ok app, compared to whatsapp and line messenger",neutral,neutral,0.7370169162750244,0.0136914905,0.7370169,0.24929161
"won't open any .pdf files on my tmo vibrant (bionix <number> . <number> ), useless.",negative,negative,0.9641699194908142,0.9641699,0.026828794,0.009001299
can you fix the quality of display picture,positive,neutral,0.6995534300804138,0.14468291,0.69955343,0.15576369
can't move app to sd card,neutral,neutral,0.6874086856842041,0.25420752,0.6874087,0.058383837
good app but more facilities we exprcted,neutral,positive,0.5337903499603271,0.013614613,0.45259503,0.53379035
app works great. consider changing the red triangular notification to a solid red color in the notification bar in android. on my note <number> it appears as transparent in the notification bar at the top.,positive,positive,0.8009178638458252,0.015439272,0.18364286,0.80091786
plz update it it stick in the loading screen forever,negative,neutral,0.5873605608940125,0.18700881,0.58736056,0.22563063
i like it but i wish there were more things and i wish we could customize shirts and stuff,positive,positive,0.8853082060813904,0.014069443,0.1006223,0.8853082
my messages aren't going through to anyone. please fix immediately.,neutral,neutral,0.5483290553092957,0.36099693,0.54832906,0.090674005
"i love it, but i'll select one to use and then it will show the new one sent, but a short time later, it will show that i resent an old one, not the one i just selected.",neutral,positive,0.8038787245750427,0.02243906,0.1736822,0.8038787
my radar has stopped working! i've never had a problem with it until today please fix!,negative,negative,0.9146329164505005,0.9146329,0.07393978,0.011427286
working properly for awhile and crashes later on,neutral,negative,0.532167911529541,0.5321679,0.41266572,0.055166353
"a well-crafted, simple app",positive,positive,0.8749896287918091,0.016257027,0.10875338,0.8749896
it was okay at the start and got me focussed but my phone's screen timed out and locked and then my tree withered. please fix this,negative,neutral,0.7916985154151917,0.085030995,0.7916985,0.12327043
it's pretty useful!,positive,positive,0.7469292879104614,0.012380925,0.24068984,0.7469293
why can my friends get the bitmojis with two people but i can't? frustrated.,neutral,neutral,0.5832773447036743,0.35850543,0.58327734,0.05821717
remove obscene quotes and gestures,negative,negative,0.7210971117019653,0.7210971,0.23301893,0.045883883
pretty good. app wish it let you face scan yourself.,positive,positive,0.8831323981285095,0.01022549,0.10664216,0.8831324
very good but crashes often,neutral,neutral,0.5309377312660217,0.023135139,0.53093773,0.4459271
"lacking lens correction and blur features, otherwise i'd love it. please consider adding these, otherwise i'll have to use photo mate r <number> , cause while it doesn't have blur feature's it has great lens correction features so i can get my chromatic aberration effect : <number>",positive,positive,0.5533490180969238,0.020302279,0.4263487,0.553349
the animation stopped working please fix!,negative,negative,0.894763171672821,0.8947632,0.08940518,0.015831593
goood one no one can see images unless u do hd,positive,negative,0.4754408895969391,0.4754409,0.47373602,0.05082305
the app lags and consume lots of space.,negative,negative,0.514724612236023,0.5147246,0.43619484,0.04908056
"great app, using for an <url> but, could it be upgraded with the feature 'desktop mode' ?",positive,positive,0.852880597114563,0.013320352,0.13379906,0.8528806
it was good before,neutral,neutral,0.7297072410583496,0.11688633,0.72970724,0.15340643
i like the old spark better it was more accurate cuz it told you exactly how many miles away the lightning was now you gotta zoom in on the map just to see in a round about ways of where the lightning <url>,neutral,positive,0.5466453433036804,0.03794698,0.41540772,0.54664534
"i really like it, but for a while now it hasn't been making my tree die when i touch my phone. also, after completing a set amount of time there's another number underneath my tree. i can't figure out what this means.",positive,positive,0.6574909687042236,0.03348245,0.30902654,0.65749097
annoying buttons below the chat text box.,neutral,neutral,0.7728875279426575,0.112037346,0.7728875,0.115075156
i like this app for esuy to watch movie,positive,positive,0.849982500076294,0.02847647,0.12154104,0.8499825
"aaa please tell me why it doesnt show my cherry blossom <url> i just unlocked it with <number> coins, and i cant find it to grow it. arghh its frustrating.",neutral,neutral,0.4994811415672302,0.44720578,0.49948114,0.053313028
needs to save where you last left off thats all it needs <number> stars when it updates,neutral,neutral,0.6876629590988159,0.19572617,0.68766296,0.11661082
the app draws the mobile addict in you and plays with his/her psyche.,positive,positive,0.5920753479003906,0.08125152,0.32667315,0.59207535
it is helpful for fast downloading,positive,positive,0.8770020604133606,0.010401951,0.11259602,0.87700206
hard to access emojis/sticker,positive,negative,0.7081674337387085,0.70816743,0.26945692,0.022375664
why this app has become so big? earlier it used to be only <number> mbs now its <number> . please reduce the size. <signature>,neutral,neutral,0.6011707186698914,0.24965036,0.6011707,0.14917895
directions make no sense,negative,negative,0.603621244430542,0.60362124,0.35570896,0.04066983
great app for photography but,neutral,positive,0.7978178858757019,0.014117921,0.1880642,0.7978179
why can't they fix these issues,neutral,neutral,0.5176078081130981,0.31549123,0.5176078,0.166901
not working with whats app,negative,negative,0.9160568118095398,0.9160568,0.07437437,0.009568895
you have to put the search option in the app,positive,neutral,0.6037811636924744,0.18192862,0.60378116,0.21429017
"its very usefull, also good <url> !!!",positive,positive,0.8836624622344971,0.013021951,0.103315555,0.88366246
"its good. but the problem is whenever i charge my phone, and the forest app has been running, the moment the charging the moment the tree died. and i do not get a single coin. lol is not my fault that the tree died, but what i got-o coins and a dead tree.",neutral,neutral,0.8042230606079102,0.030077856,0.80422306,0.16569911
tel me what to do,positive,neutral,0.5432692766189575,0.36192563,0.5432693,0.094805114
some websites say i don't have adobe even though i have this loaded.,neutral,negative,0.5384693741798401,0.5384694,0.40038443,0.06114617
it is easy to find your distination but there is always a less price,neutral,positive,0.646901547908783,0.016169354,0.33692905,0.64690155
i havent many friends here,positive,negative,0.5777408480644226,0.57774085,0.3783171,0.04394206
"would like updates on the sun over a <number> hour loop, as well as wind maps, water temps. but one of the <signature>",positive,positive,0.872305154800415,0.010368814,0.117326,0.87230515
where are the local adjustments?,positive,neutral,0.6628539562225342,0.07715502,0.66285396,0.25999102
very easy to <url>,neutral,positive,0.8812822699546814,0.01695987,0.101757824,0.88128227
easy to use very good deal.,positive,positive,0.9290909767150879,0.012847238,0.058061846,0.929091
this app doesnt want to sign me up,neutral,negative,0.9649129509925842,0.96491295,0.028716223,0.006370743
always showing install even it has already installed,positive,neutral,0.5859221816062927,0.17622031,0.5859222,0.23785752
the zooming feature is slow and consequently difficult to use.,neutral,neutral,0.7076853513717651,0.22078751,0.70768535,0.071527146
great tool for on the go!,positive,positive,0.9136729836463928,0.01294123,0.07338576,0.913673
raw format not supported,neutral,neutral,0.6493630409240723,0.23834111,0.64936304,0.112295896
"it's a cool thing to have, but it won't sync up with the mozilla addon",positive,neutral,0.8234818577766418,0.03184237,0.82348186,0.14467578
great app but keeps crashing,neutral,positive,0.5895423889160156,0.041634325,0.36882326,0.5895424
"bbm is good ,hate the adverts",positive,negative,0.6249580979347229,0.6249581,0.32066005,0.05438187
how about a tablet ui?,neutral,neutral,0.602532684803009,0.08570573,0.6025327,0.3117616
prefer the website more,neutral,neutral,0.5354703664779663,0.14092043,0.53547037,0.3236092
"good design. hope the plant real trees is a true story! also, why the highest ranking people are mostly asian? should expand your customers",positive,positive,0.8304490447044373,0.012205331,0.15734568,0.83044904
"i am not disappointed, but pixlr is still a way better software.",neutral,neutral,0.6404575705528259,0.11038883,0.6404576,0.24915361
"i love playing with bitmojis. the clothes in the personalization could use some updating, though. very little are things i'd ever actually wear. it would also be nice to add friends directly on the app to interact with their own bitmojis outside of snapchat.",positive,positive,0.9017452001571655,0.013529338,0.08472549,0.9017452
i love it. i just wish i could delete images that i find offensive and would never use.,positive,positive,0.9088209271430969,0.025128433,0.066050656,0.9088209
i think in the new update they let you color customize any hair style and let you put cuts in your eyebrows.,positive,positive,0.8815307021141052,0.01741435,0.101054974,0.8815307
automatically resizes with no way to change!!,negative,negative,0.9532202482223511,0.95322025,0.039567262,0.0072125345
don't like the new update,positive,negative,0.5784056782722473,0.5784057,0.37699047,0.04460394
i like my bbm now . <signature>,positive,positive,0.870990514755249,0.023304963,0.10570451,0.8709905
no more trees since update. just shrubs :'(,positive,neutral,0.5632126927375793,0.3128498,0.5632127,0.12393756
would not updated on my phone and i tried like <number> times,negative,neutral,0.6787384152412415,0.1881005,0.6787384,0.13316113
"needs more body shapes and sizes, as well as face lines around nose/cheeks",positive,neutral,0.6574869751930237,0.029679162,0.657487,0.3128339
took away floating head in txt,negative,negative,0.6741576194763184,0.6741576,0.27210578,0.053736616
stopped working on my phone since the last update. will bring rating up when the problem is fixed.,negative,negative,0.779922366142273,0.77992237,0.19919746,0.02088023
works well. most of my pdf files require me to enter a username and password. this app will not allow me to. any chance of adding that?,neutral,neutral,0.5864189267158508,0.021422047,0.5864189,0.39215907
"it's <url> ,add select area <url> mean make selection by <url>",neutral,positive,0.5166881084442139,0.04445246,0.4388594,0.5166881
app doesn't always work. temp won't show in n status bar. doesn't keep track of moving locations,neutral,negative,0.7845554351806641,0.78455544,0.20184597,0.013598533
i hate this update,negative,negative,0.9571346044540405,0.9571346,0.034676276,0.008189176
new updates are beyond worse,negative,neutral,0.44479021430015564,0.4206333,0.4447902,0.13457645
where is wbug elite i paid for???,negative,negative,0.9522638916969299,0.9522639,0.03928456,0.008451592
make the time lapse between editing each feature shorter,positive,neutral,0.7159910798072815,0.046919845,0.7159911,0.23708902
add one more feature,positive,positive,0.6423158645629883,0.027848067,0.32983604,0.64231586
the app was useful but avg virus scanner said it contains malware so i'm uninstalling to be safe,negative,neutral,0.6747629046440125,0.22141162,0.6747629,0.10382556
i couldn't open it.,negative,negative,0.9492200613021851,0.94922006,0.042502526,0.008277444
i think that uc is very nice,neutral,positive,0.7102689146995544,0.015844654,0.27388644,0.7102689
mis the original bbm,negative,negative,0.49293017387390137,0.49293017,0.40473175,0.10233804
new ui tanks usability,negative,positive,0.5511859059333801,0.046843898,0.4019702,0.5511859
this app is so good,positive,neutral,0.5281943678855896,0.019725148,0.52819437,0.4520805
doesn't work on my htc droid eris!! can't open pdf attached emails. uninstalling!!,negative,negative,0.964766800403595,0.9647668,0.028041542,0.007191642
it's very good app for android mobile s,positive,positive,0.8707025647163391,0.011370471,0.117927,0.87070256
temp is all wrong,neutral,negative,0.8983845114707947,0.8983845,0.088157274,0.013458153
id's easy to use and very helpful,positive,positive,0.9063929915428162,0.011013525,0.082593545,0.906393
"it seems everytime we're about to get severe weather, the app stops working. radar doesn't work, storm tracking doesn't <url> most critical time for something to work is during or before a storm, such as we're supposed to get today. this app works great on bright, sunny <url> 't depend on it if a storm is brewing though. it will quit working on you.",neutral,neutral,0.6542031764984131,0.2548034,0.6542032,0.09099347
i guess its just the world i live in???,negative,neutral,0.6517537832260132,0.06831532,0.6517538,0.27993098
just an idea. when editing/creating my bitmoji i think it'd be neat to have the option to mix and match parts of different outfits together or even change colours of parts.,positive,positive,0.5214271545410156,0.02389848,0.45467436,0.52142715
app is good. no weather forecast is <url> very vague predictions.,positive,neutral,0.683637797832489,0.025013428,0.6836378,0.29134884
cannot attach pictures to reviews,neutral,neutral,0.6828553676605225,0.25115833,0.68285537,0.06598637
great weather app! easy to use and quick to load. only wish it was easy to find a forecast video on it.,positive,positive,0.9208016395568848,0.012046626,0.06715173,0.92080164
issue on local wifi,neutral,neutral,0.5974482893943787,0.26984674,0.5974483,0.13270493
i dont like this app,negative,negative,0.9016416668891907,0.90164167,0.0866,0.011758305
on the right track,positive,neutral,0.5499282479286194,0.088243574,0.54992825,0.36182815
best app for browsing,positive,positive,0.8685229420661926,0.01701674,0.1144603,0.86852294
needs a dark mode for the notification bar. hate the bright white glaring at me.,positive,neutral,0.7399476766586304,0.18065692,0.7399477,0.079395324
"good app, but it doesn't support gif in android",positive,neutral,0.8342806696891785,0.044223584,0.83428067,0.12149569
<salutation> i tried to sign in and i gave my email and password and from u a email also came but what next to <url> tried to click check again and continue but nothing happened,positive,negative,0.7730583548545837,0.77305835,0.19269764,0.034243964
been using for several months now as a communication tool for various members of a nonprofit organization. it's only downfall that i can see are the occasional missed update alert and that there is no notification badge on the icon.,positive,positive,0.5134561657905579,0.07986885,0.406675,0.51345617
works for what i need,positive,positive,0.8749292492866516,0.019972071,0.1050987,0.87492925
it's saying it's not up to date so i can't view my file. -htc evo,neutral,neutral,0.5783730745315552,0.34666565,0.5783731,0.07496124
when you know how to use it it's pretty fun and useful same with adobe photoshop touch i have a ton of fun with that but you just have to know how to use it or it will not be fun that's why people are reading it for star i read it <number> stars i love it but only because i know how to use it,positive,positive,0.6641071438789368,0.020231131,0.3156618,0.66410714
best app ever ( my opinion),negative,positive,0.8890905976295471,0.014615825,0.09629356,0.8890906
doesn't tie your account to gmail - so every new phone (or reflash) you have to retype <url>,negative,negative,0.7705304026603699,0.7705304,0.20665644,0.02281316
great application for team collaboration,positive,positive,0.9296131730079651,0.013917433,0.056469344,0.9296132
"crash easily,make my phone <url> its a great <url> u!",positive,positive,0.5847026109695435,0.048217725,0.36707968,0.5847026
the menu bar above keyboard is annoying,positive,neutral,0.7058121562004089,0.13490984,0.70581216,0.15927802
it's an essential tool.,positive,positive,0.9049873948097229,0.015776487,0.07923609,0.9049874
this bbm doesnt work properly with the samsung notebook <number> . it is always showing limited bbm access. pls fix this,neutral,negative,0.717609703540802,0.7176097,0.25588638,0.026503842
"unless i open the app, i get no notifications even when my name is mentioned",negative,negative,0.5969390869140625,0.5969391,0.35352373,0.049537156
it's good app but need more apps related chat process,positive,positive,0.5898237824440002,0.011478975,0.39869723,0.5898238
"doesn't open all pdfs. i do a lot of work dealing with architectural plans. this does not render all of the pdfs (some open fine, others open blank).",negative,neutral,0.5004859566688538,0.45489562,0.50048596,0.044618335
quick way to book a motel when you need too,neutral,positive,0.8186850547790527,0.014161394,0.16715354,0.81868505
can get out of the app by home button and use your <url> timer runs in the <url>,neutral,neutral,0.6188640594482422,0.2792302,0.61886406,0.10190579
"honestly a joke compared to the desktop version of lightroom. i have one of the most powerful phones in existence and this app can't even scroll without lagging. i reinstalled today, <number> months later to find not only has nothing changed but my trial has expired and i now need to pay to use a laggy gimped version of software i already own.",negative,negative,0.5964095592498779,0.59640956,0.33682364,0.06676679
better for <url> !!!! you will try <url> !!!!,neutral,neutral,0.46748611330986023,0.45016384,0.4674861,0.08235008
backup feature was awesome,positive,neutral,0.5545138716697693,0.17756742,0.5545139,0.2679187
amazing to use this one like superb,positive,positive,0.9168184399604797,0.014267002,0.068914525,0.91681844
i can't post on any website.,neutral,negative,0.7481176853179932,0.7481177,0.23139486,0.02048741
want some other features,neutral,neutral,0.6090075373649597,0.03030061,0.60900754,0.3606919
this app is not user friendly,neutral,negative,0.7784520387649536,0.77845204,0.20082042,0.020727504
force closes <number> / <number> !,negative,negative,0.8786778450012207,0.87867785,0.09744945,0.02387264
what a waste of this apps effort the image meta data are always show false info when export image to gallery,negative,negative,0.9581294059753418,0.9581294,0.03406336,0.007807303
it's a nic app n helpful <url>,positive,positive,0.7620267271995544,0.012401833,0.2255715,0.7620267
how to change time ??,neutral,neutral,0.6003898978233337,0.18388656,0.6003899,0.2157235
it's ok but this new version is not so impressive,neutral,neutral,0.8173233270645142,0.021874582,0.8173233,0.16080211
this is a good movie downloader,positive,positive,0.6932857632637024,0.017016945,0.2896973,0.69328576
want my old avatar can't find it,negative,negative,0.7252777814865112,0.7252778,0.24955532,0.02516693
best of pdf file app,positive,positive,0.8845323920249939,0.019030027,0.096437536,0.8845324
i would have gave <number> stars if y'all had more cute outfits for the girls to wear that is seasonal appropriate,positive,positive,0.8407047986984253,0.018677339,0.14061789,0.8407048
was ok but i can easily use other apps when i press home,negative,neutral,0.8009567856788635,0.080148585,0.8009568,0.118894614
"useless. can't log in using the app at all. deleted and reinstalled several times, still no luck.",negative,negative,0.9612681269645691,0.9612681,0.02851751,0.010214393
"easy to use, but if i plant a tree to grow and then leave the app it doesn't die. don't know if that's a bug in the app, but knowibg it won't die once i exit the app gives me no reason to stay focused",positive,neutral,0.7387824058532715,0.14047432,0.7387824,0.12074336
cuts down on paper usage.,positive,negative,0.7824901342391968,0.78249013,0.18778396,0.029725915
<salutation> then dropped it. and now the radar animation doesn't work.,negative,negative,0.9616090655326843,0.96160907,0.029954072,0.008436801
"good idea, but too slow on android. much better on desktop.",negative,neutral,0.7355486154556274,0.062633075,0.7355486,0.20181829
"like everything about it, except that the radar animation is a little clunky.",positive,neutral,0.606598973274231,0.024796769,0.606599,0.3686043
it's the king when it comes on downloading from internet i really appreciate it,positive,positive,0.8645884394645691,0.028691366,0.10672015,0.86458844
"i'm using uc browser from many years and its was amazing but from the last update i got, it get <url> everytime i open new site, it shows an error everytime. please fix this.",neutral,neutral,0.6816310286521912,0.18644851,0.681631,0.13192047
cant install this app on my s <number> . error cant install in default location,negative,negative,0.9588853120803833,0.9588853,0.034548953,0.0065657124
needs to include precipitation estimates,neutral,neutral,0.7636257410049438,0.069328174,0.76362574,0.16704611
new version is a step back,negative,neutral,0.4237726628780365,0.24006942,0.42377266,0.3361579
great but watch little bug,neutral,positive,0.8894418478012085,0.0154219335,0.095136225,0.88944185
i love this app.,positive,positive,0.862779974937439,0.04745557,0.08976441,0.86278
"love the idea, and as long as i didn't touch my phone notifications and such didn't ruin my progress. however if i try to exit out of the app (to use whitelisted apps like my calculator) then it 'killed' my trees.",neutral,neutral,0.5366764664649963,0.069200255,0.53667647,0.39412332
"my mom found this before i did! i'm <number> and even i like it. lol great for all ages. you can make it look just like you to every detail, many clothes and accessory choices, and when you want to send a text to somebody they basically have everything you might want to say to somebody in a text or to reply back to somebody in a text message. plus cute little emojis of yourself doing things.",positive,positive,0.9234950542449951,0.013681798,0.06282311,0.92349505
ads ads ads everywhere,neutral,negative,0.919467568397522,0.91946757,0.06906557,0.011466915
has gotten a bit better since last review. i really like the lightning strike display. helps me with my lightning photos,neutral,positive,0.9173349738121033,0.013779972,0.06888506,0.917335
i really enjoy it,positive,positive,0.8906627893447876,0.022963082,0.086374044,0.8906628
i rely on accurate radar as i work outside everyday on a golf course. the daily and the hourly forecast constantly contradict each other though now and it's hard to figure out what the actual weather will be so i can only really rely on radar.,positive,positive,0.6665084958076477,0.05101912,0.2824724,0.6665085
"i enjoyed it, but the app deleted all of my purchases, such as trees and sounds",neutral,neutral,0.7202663421630859,0.12148936,0.72026634,0.15824427
so far it's good,positive,positive,0.5474053025245667,0.012288694,0.440306,0.5474053
would like some custom messages when trees are planted,positive,positive,0.7094945907592773,0.015570263,0.27493513,0.7094946
used to be good,negative,negative,0.7404595613479614,0.74045956,0.23250125,0.02703917
make category select bradcast message!,neutral,neutral,0.4639306366443634,0.084052466,0.46393064,0.4520169
causes allot of problems will change dates etc when making a booking. prob better off staying with web page.,negative,neutral,0.5506618618965149,0.4026365,0.55066186,0.04670163
reflow feature quirky. can't somehow help feeling suspicious it is bugridden inside.,negative,neutral,0.7996842861175537,0.05616689,0.7996843,0.14414883
i don't <url> i can't understand this appp,neutral,negative,0.7510561943054199,0.7510562,0.21616615,0.032777667
crashes on galaxy s,negative,negative,0.7294458150863647,0.7294458,0.22349396,0.04706016
force closes all the time. from a company with a good to great rep. i had expected better,negative,neutral,0.4551208019256592,0.3864952,0.4551208,0.15838398
great <url> ruined with ads,neutral,negative,0.910163164138794,0.91016316,0.068066746,0.021770032
worst experience at hotel,negative,negative,0.9621176719665527,0.9621177,0.029878112,0.008004186
heating and battery problem,neutral,neutral,0.5479794144630432,0.38552693,0.5479794,0.066493645
fed up with advertisements. oh my gosh. cannot tolerate this application anymore,negative,negative,0.9394432306289673,0.93944323,0.053236865,0.007319888
this is the fastest app searching mode,positive,positive,0.685390830039978,0.038385034,0.27622417,0.68539083
"nice app for managing ongoing projects, teams, groups.",positive,positive,0.9309578537940979,0.012303664,0.056738477,0.93095785
is not allways up to date with current weather.,positive,neutral,0.7299066781997681,0.16683884,0.7299067,0.10325444
realy superrrr <url> saver app,positive,neutral,0.5299670696258545,0.095877446,0.52996707,0.3741555
<number> day trial? and then creative cloud?,negative,negative,0.9296281933784485,0.9296282,0.054352574,0.01601918
the print button keeps shutting itself down,positive,neutral,0.53322833776474,0.38345015,0.53322834,0.08332153
average performance in download,neutral,neutral,0.7280214428901672,0.059441354,0.72802144,0.2125373
animation on radar stopped,negative,negative,0.9416619539260864,0.94166195,0.046879187,0.0114589045
"so far so good. surfing is made enjoyably interesting, thumb ups.",positive,positive,0.8946691751480103,0.012034796,0.09329597,0.8946692
bbm sucks on my galaxy s <number> mini .,negative,negative,0.950295627117157,0.9502956,0.041705303,0.007999101
what did i download?,negative,negative,0.9213929176330566,0.9213929,0.06806297,0.010544012
my favourite editing apl,positive,positive,0.8714042901992798,0.025991654,0.10260413,0.8714043
so easy to use and appropriate advice,positive,positive,0.9257858991622925,0.0112883495,0.062925726,0.9257859
doesn't work properly.,negative,negative,0.9452272057533264,0.9452272,0.04682955,0.007943243
"generally good, sometimes price filter doesn't work well.",positive,positive,0.669776976108551,0.009653968,0.320569,0.669777
love this app pretty accurate,positive,positive,0.9178137183189392,0.017941352,0.06424497,0.9178137
as much as <number> degrees off!,negative,neutral,0.5355331301689148,0.28592035,0.53553313,0.17854649
used to be good,negative,negative,0.7404599189758301,0.7404599,0.23250093,0.027039144
"this app helps me be productive, but since the update, i can't plant the trees i had previously bought.",positive,positive,0.515426754951477,0.02185688,0.4627163,0.51542675
dell streak:force close sometimes. blank pages sometimes. need bookmark feature and ability to continue from last read page.,neutral,neutral,0.6667300462722778,0.27234483,0.66673005,0.060925193
"if your in a hurry, i'd recomed calling, it takes a wile to fill out the information.",neutral,neutral,0.7514306306838989,0.08525546,0.75143063,0.16331391
good but not good as web version,positive,neutral,0.8241778016090393,0.043118715,0.8241778,0.13270345
problems working over wi-fi,negative,neutral,0.4962959289550781,0.45710322,0.49629593,0.04660085
it's ads all the way,negative,negative,0.49064111709594727,0.49064112,0.4471073,0.062251523
no password support <url>,negative,negative,0.7461168169975281,0.7461168,0.22722057,0.02666255
"good, but not perfect",neutral,neutral,0.7682167887687683,0.023097418,0.7682168,0.20868583
i wish it would work offline,positive,neutral,0.49223271012306213,0.024238402,0.4922327,0.48352882
cloud based apps do not work for me. with pathetic network services in our region it becomes frustrating to use. pity. will have to uninstall,negative,negative,0.9597769379615784,0.95977694,0.033377226,0.006845822
"so disappointed with this app! why would you delete an entire account without any warnings? see i'm not mad that you deleted my account because i had iran's ip address, i'm mad because you didn't even bothered to give me a chance to take back up of my files! do you understand how unprofessional this is? so disappointed!",negative,negative,0.9432263374328613,0.94322634,0.048869308,0.0079044495
this app is good,positive,positive,0.5138115286827087,0.014347452,0.471841,0.5138115
"slow, laggy performance. thinkfree office opens my pdfs and allows smooth transitions and zooming.",negative,neutral,0.7024592757225037,0.24275267,0.7024593,0.054788012
since the update the radar doesn't work <url>,negative,negative,0.9440209865570068,0.944021,0.04722734,0.0087517155
"like the app, but could you please remove the external storage permission when i want to take a picture? i don't like granting apps dangerous permissions and i know you don't need it if you use the file provider api. <signature>",negative,neutral,0.719190776348114,0.05546114,0.7191908,0.22534807
there is no print option i can find.,neutral,neutral,0.6055939197540283,0.32656655,0.6055939,0.0678395
<url> the picture size on bbm group is too small sometime not clear. also incoming bbm call is not detected or not showed in galaxy gear s <number>,positive,neutral,0.6673585176467896,0.14883094,0.6673585,0.18381053
got stuck on trying to confirm my booking and i lost the accommodation. after that force crash. uninstall. htc desire,negative,negative,0.9486281871795654,0.9486282,0.044218585,0.0071532293
please fix the radar,negative,negative,0.7138338088989258,0.7138338,0.22507122,0.061094992
"good adjustment, bad storage",neutral,neutral,0.7810420989990234,0.117294714,0.7810421,0.1016631
coming from adobe this is absolute garbage. fails to open pdf files. it was only <number> kb. garbage.,negative,negative,0.9656070470809937,0.96560705,0.027194915,0.007198054
after i updated the new bbm version always getting <url> sometime the messages pending without ceklis my friend send in the morning but the messages coming after <number> or <number> hour <url> i saw on the messages the time when he send me a messages and this made my planning <url> should i didn't upgraded <url>,negative,neutral,0.6215224862098694,0.15342413,0.6215225,0.22505337
new update ruined the app,negative,negative,0.9606044292449951,0.9606044,0.030003928,0.009391703
a widget would be nice,positive,neutral,0.7095391750335693,0.019690663,0.7095392,0.27077013
there are ads now?,neutral,neutral,0.4592355191707611,0.437472,0.45923552,0.10329244
difficult when on vacation,positive,neutral,0.774151623249054,0.06543963,0.7741516,0.16040878
notifications are bonkers. (will give <number> once fixed),negative,neutral,0.5543057918548584,0.36733562,0.5543058,0.07835862
can't add new locations,neutral,neutral,0.7534784078598022,0.15326963,0.7534784,0.09325188
nice tool for inter-team communication,positive,positive,0.930417537689209,0.011790655,0.057791848,0.93041754
it's download video very fast and all other thing,positive,positive,0.8666421175003052,0.0200439,0.11331398,0.8666421
"veru useful app only when used with its <number> rd-party integrations, yet flock is much better alternative for having more free features.",positive,neutral,0.5498896837234497,0.035409186,0.5498897,0.41470113
doesn't <url> i'll go on other apps and the tree still <url> little i inventive to actually stay off the phone,negative,negative,0.8053231239318848,0.8053231,0.17881452,0.015862389
"when ever i update app,it won't work and i lost my all data many times",negative,negative,0.9504778981208801,0.9504779,0.042335045,0.00718715
doesn't work much! where's the <number> version???,negative,negative,0.8100827932357788,0.8100828,0.1742578,0.015659409
nice app fast downloading,positive,positive,0.8819687962532043,0.009968252,0.10806298,0.8819688
"the app is great, it's fun and helpful, tho when you click the home button, it doesn't die. you could fix that",positive,positive,0.854895293712616,0.013184408,0.13192026,0.8548953
"easy to use, always <url> when you book thrue them, they will charge you too much.",neutral,positive,0.9047437906265259,0.014594577,0.08066162,0.9047438
there is no jump to page option so you have to flip through every single page! its a big waste of time.,negative,negative,0.9563499093055725,0.9563499,0.03585634,0.007793748
great and easy to use,positive,positive,0.9276443123817444,0.017138503,0.055217143,0.9276443
"cloud subscription, no <signature>",negative,negative,0.9281871914863586,0.9281872,0.061610572,0.010202229
great app to focus!,positive,positive,0.9100454449653625,0.018201603,0.07175288,0.91004544
pay when you arrive. err no,neutral,negative,0.8520048260688782,0.8520048,0.12715931,0.020835798
great apps for great team,positive,positive,0.9229786992073059,0.015066378,0.061954916,0.9229787
i like the appl because it connect me to a lot of people in my office,positive,positive,0.9010269045829773,0.01638836,0.082584724,0.9010269
can't open my bbm after updated,negative,negative,0.9238688349723816,0.92386883,0.065782785,0.010348389
cannot use for flash <url>,neutral,negative,0.5021249055862427,0.5021249,0.45071942,0.04715567
won't work with my text messages and have to start a new conversation to use it in messenger,neutral,negative,0.9520115852355957,0.9520116,0.041293494,0.0066948845
it crashes every time,positive,negative,0.874086856842041,0.87408686,0.10145292,0.024460295
great app for group family communication across multiple types of devices and countries,positive,positive,0.9331668019294739,0.015493173,0.05134001,0.9331668
it was great radar sucks now,negative,negative,0.9597080945968628,0.9597081,0.032123663,0.008168281
missing a tablet version,neutral,neutral,0.7214792966842651,0.11755996,0.7214793,0.16096081
the browser is used very fast connecting browser,positive,positive,0.5895039439201355,0.055729695,0.35476634,0.58950394
i want a etc wallet that's all i want to invest <url>,negative,negative,0.5086448192596436,0.5086448,0.35957906,0.13177615
not so much but good,positive,neutral,0.8173688054084778,0.02748367,0.8173688,0.15514752
well the app is kinda <url>,positive,neutral,0.6046561002731323,0.044272676,0.6046561,0.35107124
the program is very slow and can be unresponsive. there is no bookmake setting. pages take a very long time to load even when zooming in and out.,negative,neutral,0.5900918841362,0.37009838,0.5900919,0.03980972
totally invasive and inappropriate for development. it kept people talking for every detail for hours. kill innovation and efficiency. cannot replace skype so another chat cheater. a waist of time in communication. one good point if you can make your competitors to use it. they will collapse.,negative,negative,0.9581846594810486,0.95818466,0.033775374,0.008039874
i love it. but i think it would be better to add angle correction as well is needed sometimes and i don't like having to use other apps to do this.,neutral,positive,0.8763983249664307,0.017399231,0.106202364,0.8763983
the emoticon not <url> :'(,neutral,neutral,0.6092825531959534,0.20966877,0.60928255,0.18104865
good app. had full version but they took it away. would like it back. radar not working. layers are not working. must be a weather bug.,neutral,neutral,0.6905001997947693,0.24197985,0.6905002,0.06751994
can't import my booking? what's the point of getting this app? anyone?,negative,negative,0.9067143201828003,0.9067143,0.08186508,0.011420513
"the app sometimes gets stuck on a certain temperature and you have to actually click on the app to get the correct temperature to pop up, but at least with this app i can actually get the <number> -day and hourly forecast pages to load which is something i can't get with accuweather. so i guess what i'm saying is it's probably the <signature>",positive,positive,0.56342613697052,0.023840168,0.41273367,0.56342614
"great, but occasionally crashes",positive,positive,0.7865545749664307,0.024296254,0.18914919,0.7865546
"crap, takes ages to loads and lags on all docs, standard pdf viewer much better",negative,negative,0.9528889060020447,0.9528889,0.039654013,0.0074570323
it stops working frequently,neutral,neutral,0.5344648361206055,0.37662843,0.53446484,0.08890671
like it more than most weather apps i've tried. would recommend!,positive,positive,0.8743187785148621,0.011524257,0.11415693,0.8743188
stupid trees. too much green. too cute. memory hog. deleted it.,negative,negative,0.9568435549736023,0.95684355,0.036547236,0.0066092
plz add readout loud feature in application,positive,positive,0.5845757722854614,0.03713464,0.37828958,0.5845758
"give error, stuck onopening",negative,negative,0.7919548153877258,0.7919548,0.18573551,0.022309646
the radar map only shows past not current,neutral,negative,0.7840356230735779,0.7840356,0.18315816,0.0328063
"the worst, the most bugged app that i've ever seen in my life! always crashing for no reason!",negative,negative,0.9628735184669495,0.9628735,0.028195234,0.00893126
this does not work with my phone i exited the app for ages and my tree still grew.,negative,negative,0.9558886289596558,0.9558886,0.037840158,0.0062711607
the application is too slow. sometimes it just wont select the options.,neutral,neutral,0.8160780072212219,0.08633415,0.816078,0.09758783
useless doesn't open email attachments on lg optimus,negative,negative,0.9646691083908081,0.9646691,0.027723564,0.0076073515
its a very good app,positive,positive,0.7830969095230103,0.011850782,0.2050523,0.7830969
good up to date service,neutral,positive,0.7026582956314087,0.011212775,0.28612897,0.7026583
luv it but u should allow us <number> make more than one character then i'll give u <number>  's,neutral,neutral,0.6753702759742737,0.050285317,0.6753703,0.27434433
"app does what it has to do, but would it be possible to implement a harder way to cancel the growth of your tree? now it takes about <number> seconds. you could make another cancel button which you have to press for <number> minute without releasing it to unlock your phone. gives you time to think if you really need to unlock it. <signature>",neutral,neutral,0.603092610836029,0.028525837,0.6030926,0.36838153
need full raw hdr for lg v <number> !!!,neutral,neutral,0.7246645092964172,0.08668536,0.7246645,0.18865012
it wont even let me log in!!!,negative,negative,0.9638367891311646,0.9638368,0.028274776,0.007888452
wouldn't search any locations.,negative,negative,0.9380917549133301,0.93809175,0.054504897,0.007403364
new version is not intuitive.,negative,neutral,0.5939038991928101,0.31802782,0.5939039,0.088068314
image previews don't work,positive,negative,0.588591456413269,0.58859146,0.3779071,0.033501454
"its great, just too many ads",positive,positive,0.7577033638954163,0.029129498,0.21316718,0.75770336
radar has stopped working,negative,negative,0.9186143279075623,0.9186143,0.06546873,0.015916843
has been treating me well for years,positive,positive,0.7099902629852295,0.03663374,0.253376,0.70999026
animated radar not working,negative,negative,0.9299004673957825,0.92990047,0.060604632,0.009494921
problems with internet connection s <number> edge,neutral,neutral,0.5649452209472656,0.36481237,0.5649452,0.07024244
"another login and account needed, mediocre editing",negative,neutral,0.5755138993263245,0.3589201,0.5755139,0.065565936
i need a tab for news language i don't want it to be default for the place i live in my native language may be different. please look into it,positive,neutral,0.5890179872512817,0.061399937,0.589018,0.3495821
"idea is nice, <url>",neutral,neutral,0.6796380281448364,0.031746697,0.679638,0.2886152
useless and hang in itself,negative,negative,0.954241156578064,0.95424116,0.03435253,0.011406271
lagging on nvidia shield tablet,neutral,neutral,0.6813170909881592,0.22421344,0.6813171,0.0944695
less taps &gt; more taps is not always true! this update clutters up the mobile app and looks horrible! bring back the drop down menu.,positive,negative,0.9427212476730347,0.94272125,0.048301466,0.008977356
great mobile app for a great platform,positive,positive,0.9107680320739746,0.016703134,0.07252888,0.91076803
easiest way to keep all my accommodation details with me when i travel.,positive,positive,0.9130797386169434,0.011029042,0.075891145,0.91307974
"there is no way to search or jump to the pages i want. so, in a <number> page document, i have to page down until i get to where i want. very poor!",neutral,negative,0.9631363153457642,0.9631363,0.028761609,0.008102094
crashes on z <number> compact,neutral,negative,0.6906863451004028,0.69068635,0.26737234,0.041941315
"can't delete any of the pdf files! someone ,help mytouch <number> g",neutral,neutral,0.5548572540283203,0.1019728,0.55485725,0.3431699
somethings wrong with this app,positive,negative,0.7974355220794678,0.7974355,0.1820049,0.02055955
well organized app. offers better deals than the hotel itself.,positive,positive,0.9190390706062317,0.015323344,0.065637566,0.9190391
faster than other app,positive,positive,0.6637653708457947,0.032456182,0.3037784,0.6637654
"decent, but needs ability to define custom notification sound. the built-in ones are too quiet and the 'device default' is too general.",positive,neutral,0.739366888999939,0.016697587,0.7393669,0.24393553
"if you have difficulties staying focussed, then this is definitely the app for you. as trivial as it sounds, there's a real sense of satisfaction in seeing your forest grow the more time you log. the only thing i would say which could be added is social email support or facebook integration, which i believe is already a feature on the ios version. some of my friends are using it too, and seeing their forests grow (perhaps even on some kind of map next to mine?) would add an element of healthy competition!",positive,positive,0.7933467626571655,0.01753202,0.18912122,0.79334676
would be better with out ads,positive,neutral,0.6615719795227051,0.032057196,0.661572,0.30637088
<number> star 'coz why we have to request hd quality picture first? oh <url> nobody need bad quality picture. washing <url> another chat app more better !!,neutral,neutral,0.5014249086380005,0.41374856,0.5014249,0.08482652
"my screen goes off, but when i unlock my phone, my tree dies. makes the app pointless as it forces me to keep the screen on which is distracting. great concept though.",neutral,neutral,0.5458657741546631,0.39688164,0.5458658,0.057252605
it will be better if the apps allow users to listen music while studying or doing their things,positive,neutral,0.5069829821586609,0.017746447,0.506983,0.47527057
the app is free on android but why can't i use my new unlocked tree?!,negative,negative,0.4602416753768921,0.46024168,0.44822696,0.09153138
"not ideal, but better than a few other ""freeware"" options there with lots of adds or crappy ui.",positive,neutral,0.7979301810264587,0.02595405,0.7979302,0.17611572
add break or pause option plz,positive,positive,0.5435128211975098,0.022521239,0.43396595,0.5435128
good effort <url> try to send correct notification of the news or story.,positive,positive,0.8027236461639404,0.011936104,0.18534023,0.80272365
doesn't work keeps saying bad internet connection but all other apps work.,negative,negative,0.7540961503982544,0.75409615,0.22701508,0.018888785
did not install this app. all i did was update my phone and it was there and i can delete it! very annoying!!!,negative,negative,0.9400902986526489,0.9400903,0.05242313,0.0074865343
last updates causing problems.,neutral,neutral,0.595843493938446,0.32312584,0.5958435,0.08103073
"stupid app many many ads ,don't download this app",negative,negative,0.9648955464363098,0.96489555,0.027583104,0.007521367
too much buz for nothing so special.,negative,neutral,0.7350590229034424,0.1874679,0.735059,0.077473104
simple but effective app to end smartphone addiction,positive,positive,0.8733687996864319,0.012781623,0.11384956,0.8733688
technology at its <signature>,positive,positive,0.7777650356292725,0.04124784,0.18098715,0.77776504
"editing is all about precision, of which this isn't good at. trying to crop is like throwing stones at a picture frame on a wall and hoping it sticks. when you get it you accidently press another button and all the work is <url> still needs some refining",neutral,neutral,0.715725302696228,0.04761159,0.7157253,0.23666316
used to love <url>,neutral,negative,0.7503061890602112,0.7503062,0.22524004,0.024453789
bbm is really gud,positive,neutral,0.5273953080177307,0.18834606,0.5273953,0.2842586
still a good app,neutral,neutral,0.5126258134841919,0.015684506,0.5126258,0.4716897
"looks nice but the live radar always zooms in to close, i like to see the entire area around my location.",positive,positive,0.7098404169082642,0.010567637,0.27959195,0.7098404
creeping permissions. no <signature>,negative,negative,0.9393549561500549,0.93935496,0.0511126,0.009532389
don't expect to be productive on the tube,negative,neutral,0.6212181448936462,0.32078463,0.62121814,0.05799718
huge apo. does not have move to sd card. standard reader v. good. uninstalling.,negative,negative,0.9482227563858032,0.94822276,0.04293635,0.008840966
too many push and price not clear,neutral,neutral,0.4687803089618683,0.4669276,0.4687803,0.06429215
great app but updated the app but the bug is still there where the animation plays without accessing the app so you have to tap screen to gain access to home screen. that bug has been there forever please fix!,neutral,neutral,0.5057880878448486,0.050181575,0.5057881,0.44403028
like it but need better notification settings,positive,positive,0.6165595650672913,0.014021324,0.3694191,0.61655957
being a motorcycling enthusiast i like to know where the rain is and what direction it's heading.,positive,positive,0.8773542642593384,0.022241551,0.10040421,0.87735426
radar no longer works,negative,negative,0.962151050567627,0.96215105,0.029390354,0.008458612
why i cannot play my download video?,neutral,neutral,0.5346739888191223,0.35991767,0.534674,0.105408385
as an alternative in contacting people,positive,positive,0.7684134840965271,0.02123201,0.2103545,0.7684135
crashes all the time tells you there is no memory even on sd card. won't let you use if you decline push notifications,negative,negative,0.8980043530464172,0.89800435,0.09258015,0.009415475
what's the point?,negative,negative,0.9235512018203735,0.9235512,0.06574631,0.010702485
"i used to really love this browser but now it's just annoying .when i download files sometimes it tells me ""file doesn't exist"" and i have to redownload ,plus it lags .",negative,neutral,0.683866024017334,0.24872693,0.683866,0.06740703
its good but i think it should add like fortnite emojis or other characters,positive,positive,0.5700078010559082,0.010660238,0.41933197,0.5700078
its good but now a days it slow,neutral,neutral,0.6236421465873718,0.013926759,0.62364215,0.3624311
"the emojis you can make out of it are great! however, it would be nice to implement the character doing different kinds of sports. also the app didn't have my face shape, hairstyle, and the mouth was too big for me. basically i had to go with what i could find that looked the most like me, and a bunch of people still thought that the bitmoji looked nothing like me. something else i'd like to add is that maybe for the female character, put some outfits that are t-shirts and moderate shorts, not just short shorts. i couldn't find my usual attire because of that. overall, my bitmoji only looks a bit like me so if you guys can change the face, costumes, and facial features to let more people have an accurate character, it'd be great. <signature>",positive,positive,0.691753625869751,0.017727427,0.29051894,0.6917536
throw this app to garbage,negative,negative,0.9608923196792603,0.9608923,0.031036044,0.008071639
very nice and helpful <url> luving <url>,positive,positive,0.9009189009666443,0.012047971,0.087033115,0.9009189
it will be better if there will be option to archive a chat,positive,neutral,0.6422913074493408,0.020843254,0.6422913,0.33686543
requesting to build a bigger forest!,positive,negative,0.8046907186508179,0.8046907,0.1737768,0.021532442
stop the stupid ads,negative,negative,0.8576098680496216,0.85760987,0.11042726,0.031962823
spark lightening no longer working,neutral,negative,0.7369104027748108,0.7369104,0.23220108,0.030888531
"slowly slowly you are making it worst app but it's your app you can do anything after all you are communist. see i don't like your inbuilt pdf viewer,video viewer app so allow user to use apps like adobe pdf reader and mx <url> and the new problem is the facebook video is not working <url> earlier i have given <number> star rating but now you are decreasing quality <url>",negative,negative,0.4867916703224182,0.48679167,0.4309909,0.08221742
doesn't export my photos most of the time,neutral,negative,0.5276791453361511,0.52767915,0.4388659,0.033454955
still need to improve,positive,neutral,0.529193639755249,0.02971324,0.52919364,0.44109312
no philippine peso currency?,neutral,negative,0.4863564670085907,0.48635647,0.45049646,0.06314705
"i downloaded this app specifically to merge photos together on my backpacking adventures whilst eliminating the need for a laptop. sadly, it does not have the function to merge photos for panoramic or hdr.",neutral,neutral,0.6028562784194946,0.34147468,0.6028563,0.055669043
"pretty effective but i just noticed it doesn't pick up the usage of one of my most distracting apps (bacon reader for reddit). i was on it and thought oh no my tree! opened up to find it wasn't triggered. double checked my white list etc, everything was proper. if it doesn't block that it becomes pretty useless in my eyes",positive,positive,0.5087279677391052,0.024706619,0.46656537,0.50872797
"awesome app. it would be sooo useful to have one button access to the lastest posts accross all channels and all workgroups, i find im spending much time digging around for the latest posts.",positive,positive,0.9148846864700317,0.013748251,0.07136707,0.9148847
its good and so easy to use,positive,positive,0.852439284324646,0.008761479,0.13879927,0.8524393
this isn't as good as it's siblings,negative,neutral,0.728394091129303,0.17328529,0.7283941,0.098320596
app is good service,neutral,positive,0.5008984208106995,0.020451028,0.4786505,0.5008984
app thinks i am a man :'),negative,neutral,0.5570325255393982,0.14785522,0.5570325,0.29511225
will not work correctly. i tryed to set the map in motion and it will not move!,negative,negative,0.9335682988166809,0.9335683,0.058080286,0.008351375
super cute but kind of difficult to use on the spot.,positive,positive,0.787159264087677,0.013900155,0.19894062,0.78715926
"nice, but couldn't find night mode.",positive,neutral,0.633594274520874,0.015574603,0.6335943,0.3508312
"insanely unreliable - wont let me accept invites to other workspaces nor will this application even show me the invite - login inconsistency, i can auto-login with the app but when i type my password in non-app login screens it wont work. its the same password i use for other applications and i successfully login each time.",negative,negative,0.9468722343444824,0.94687223,0.046476737,0.006651
cant search without creating an account! they need your email so the can sell it to spammers! unistall!,negative,negative,0.9647905826568604,0.9647906,0.028964544,0.006244939
only good not <signature>,neutral,neutral,0.7947568893432617,0.076211676,0.7947569,0.12903148
it is a waste app and waste of time. it is only useful for downloading the movies,positive,negative,0.9619234204292297,0.9619234,0.03000802,0.008068577
it's fast and i can always use it to download,positive,positive,0.8248193264007568,0.018559795,0.1566209,0.8248193
have to use and see,neutral,negative,0.6798812747001648,0.6798813,0.278473,0.041645814
good but some issues,positive,neutral,0.5083004832267761,0.010713966,0.5083005,0.48098555
plz see sex movies it's nice in this,neutral,positive,0.557763934135437,0.01961896,0.42261714,0.55776393
wont open. it always crashes and my phone reports it having multiple errors in <number> week,negative,negative,0.961135745048523,0.96113575,0.032412395,0.0064519225
fcs on a <number> page pdf. really?! even on my stock evo that's awesome? this reminds me of flash player on my laptop- always causing problems. adobe = crap,negative,negative,0.6258624792098999,0.6258625,0.33071792,0.043419596
"the worst app ever can't download a single <url> my downloads have been ""unsuccessful""",negative,negative,0.9655687212944031,0.9655687,0.026047513,0.008383752
needs text search and in-document link support.,neutral,neutral,0.812049388885498,0.06236843,0.8120494,0.12558223
it's a great app. love it and good job,neutral,positive,0.9256978034973145,0.0154333,0.058868855,0.9256978
"sometimes wonky when on wifi, but that could be internet connection issue. also wants to have high accuracy location on which will drain your phone quickly.",neutral,neutral,0.829018771648407,0.064256266,0.8290188,0.10672501
why am i now seeing ads? lame!,negative,negative,0.9567622542381287,0.95676225,0.035345357,0.007892359
you had one job,positive,negative,0.8967612385749817,0.89676124,0.08567716,0.01756154
"it would be nice if there was an option to record voice messages.    nuisance: when i press 'backwards' in my android, i am thrown out of the app, instead of going backwards to the messages list.    nuisance: i don't see a list of last messaged people in chronological order but randomly. this drives me <url>",neutral,neutral,0.8192252516746521,0.051194374,0.81922525,0.12958035
not replacement for the desktop app,neutral,neutral,0.6183776259422302,0.12656826,0.6183776,0.25505415
great app to communicate with family and friends.,positive,positive,0.9330936670303345,0.015969556,0.050936755,0.93309367
best chat application ever,neutral,positive,0.9116926193237305,0.019865036,0.068442285,0.9116926
good app bt needs new features,neutral,neutral,0.6008883714675903,0.022314796,0.6008884,0.37679684
it requires access permission n i dont know from where to turn on so can u plz tell m!!,neutral,negative,0.895826518535614,0.8958265,0.0934558,0.010717764
uffff!!!! plzz don't downloaded this,negative,negative,0.9052579402923584,0.90525794,0.084768645,0.0099734515
good <url> lacks some essential features,positive,neutral,0.7330119609832764,0.020270139,0.73301196,0.24671787
"the app is ok but the camera should no have any sound when you take photos, that problem is quite annoying",neutral,neutral,0.8432610034942627,0.033720177,0.843261,0.12301885
installation corrupts gmail db on n <number> android <number> . <number>,negative,negative,0.9362546801567078,0.9362547,0.055141628,0.00860374
i think it's a great start app!,positive,positive,0.8103013038635254,0.0147335855,0.17496513,0.8103013
radar has been freezing and not moving for last month. deleted it after all this time. pos!!!,negative,negative,0.9615206718444824,0.9615207,0.032019693,0.0064596483
ok till it goes wrong,neutral,neutral,0.7889807820320129,0.034958094,0.7889808,0.17606111
i rely on weatherbug every day.,positive,positive,0.8583012223243713,0.028489737,0.11320906,0.8583012
"love this app, especially the lightening strike tracker.",positive,positive,0.9215978980064392,0.020148229,0.05825389,0.9215979
there's still more to it.,positive,neutral,0.579150378704071,0.08645386,0.5791504,0.33439574
very basic and subscription based,negative,negative,0.521982729434967,0.5219827,0.40272316,0.075294115
no words great app,positive,negative,0.46497058868408203,0.4649706,0.44743866,0.08759068
"im not use as well, i think it is bad application, i dont like.",negative,negative,0.7672271132469177,0.7672271,0.21171014,0.02106271
keeps saying photos not found whwn trying to send/ attach to people. using a note <number> <url> its not <url> it <url> pwrfect for what application i needed it for. will try again when i get new phone in a couple weeks.,negative,negative,0.8393698930740356,0.8393699,0.14552152,0.015108542
helpful for book reading,positive,positive,0.9046043753623962,0.010758446,0.08463721,0.9046044
sometimes slow but yet efficient.,positive,positive,0.671297550201416,0.017344903,0.31135753,0.67129755
for some reason the keyboard doesn't work on my phone. and i can't do couple's bitmojis with my wife. but it's fun to use with her anyhow,positive,positive,0.5487882494926453,0.014626322,0.4365854,0.54878825
make anoying bc different ring with chat ring,neutral,positive,0.6668490767478943,0.037591428,0.29555953,0.6668491
"please make the browser application sync-able with android phones. i was able to sync a few days ago, but now it only syncs with an ios account.",positive,neutral,0.6936619281768799,0.11088266,0.6936619,0.19545536
great app. would have been a <number> if avatar could be edited,neutral,positive,0.8589881062507629,0.024968531,0.11604342,0.8589881
poor cousin to the desktop app,neutral,negative,0.6175008416175842,0.61750084,0.3404312,0.04206797
i get notification for update but i can't update my bbm. please fix it.,neutral,neutral,0.6958152651786804,0.14812465,0.69581527,0.15606014
it wont let me download its saying it is but not getting it,negative,negative,0.9445123672485352,0.94451237,0.04830697,0.007180699
force closed zenfone <number>,negative,negative,0.8749339580535889,0.87493396,0.097136155,0.027929833
cloud service only idea bites,negative,neutral,0.6161062717437744,0.19846931,0.6161063,0.1854244
i can't sign <url> :'(,neutral,negative,0.598192572593689,0.5981926,0.3423056,0.05950183
horrible for one reason,negative,negative,0.9496940970420837,0.9496941,0.039203916,0.011101946
<salutation> opening unwanted liks,negative,neutral,0.4810750186443329,0.3805238,0.48107502,0.13840115
won't let me end chat,negative,negative,0.9187248349189758,0.91872483,0.07052607,0.010749138
"nice, but flow could be better.",positive,neutral,0.5078803896903992,0.012429412,0.5078804,0.47969022
it just froze up a few days <url> doesn't work at all when i click on it,negative,negative,0.9020081162452698,0.9020081,0.0873288,0.010663127
the news which displays on the welcome page is very annoying and vulgar have to be very careful when giving it to the children's at home to surf the internet and we had to use other browser in front of others as your front page containt all the vulgarity in news most of the people don't know how to disable news. the option should be visible on the front screen itself,negative,negative,0.7905398607254028,0.79053986,0.18837537,0.021084784
seems impossible to make a review,neutral,neutral,0.6411840915679932,0.30401114,0.6411841,0.05480479
reflow doesn't let you move from what's on the screen. no option to go to specific pages directly (really? scroll through a <number> + page book everytime?),neutral,neutral,0.7351400852203369,0.1894502,0.7351401,0.07540968
low score due to the lack of a dark theme/night mode in <number> !,neutral,negative,0.5911766290664673,0.5911766,0.36779544,0.041027922
"no floating head, why",negative,neutral,0.5912023782730103,0.32519495,0.5912024,0.08360272
bad on sms blocking,neutral,negative,0.8935272693634033,0.89352727,0.09393091,0.012541833
hated the new update,negative,negative,0.9577933549880981,0.95779335,0.034382295,0.007824367
i find it a bit odd that the app doesn't automatically open a file. i have to go to the app and open the file from there.,positive,neutral,0.8197768926620483,0.036654,0.8197769,0.14356905
the weather people are always wrong they suck,negative,neutral,0.4933135211467743,0.4563157,0.49331352,0.050370835
"no ""go to page"" feature? really?",neutral,negative,0.5043758153915405,0.5043758,0.441169,0.054455157
caused ipad safari to stop working,negative,negative,0.9084928631782532,0.90849286,0.07776586,0.013741361
it's a good app to communicate with team instantly,positive,positive,0.8609657287597656,0.011158311,0.12787595,0.8609657
garbage. worthless app. i hope someone comes up with one better and more organized for people use. makes no sense. cant navigate. not worth the headache.,negative,negative,0.9638615846633911,0.9638616,0.027444638,0.008693782
good but seems to be a battery drainer on lollipop,neutral,neutral,0.6620197892189026,0.01266987,0.6620198,0.32531035
like the funny <url>,positive,positive,0.6066975593566895,0.021042155,0.3722603,0.60669756
"useless app, doesn't work as described",negative,negative,0.9632707834243774,0.9632708,0.028000299,0.008728858
pdf viewer works much smoother and loads faster,negative,neutral,0.6268719434738159,0.042282704,0.62687194,0.33084536
awesome app with awful ux,neutral,negative,0.6874961256980896,0.6874961,0.2525169,0.059987016
<salutation> why most of the time. when i finish downloading video and going to play it. it says failed to open its not like this before using old version.,negative,neutral,0.5844974517822266,0.3259254,0.58449745,0.08957714
couldn't get edited photos out of lightroom!,negative,negative,0.8376014828681946,0.8376015,0.14986485,0.012533678
the update sucks!!! i lost all the trees i previously unlocked.,negative,negative,0.9639765620231628,0.96397656,0.028620182,0.007403254
the cancellations are confusing and the will double charge,neutral,neutral,0.7083384990692139,0.20734023,0.7083385,0.08432132
"great, but eset is going off",positive,positive,0.7598247528076172,0.022012597,0.21816261,0.75982475
it is too slow app.,negative,neutral,0.5853296518325806,0.35940418,0.58532965,0.055266142
good & need more development options,neutral,positive,0.6741852760314941,0.010720721,0.31509402,0.6741853
browsing fast but before download its doing re direct and suggest an other app.,positive,neutral,0.7277358174324036,0.106897384,0.7277358,0.1653668
please fix as soon as <url> cannot send message n dont have received feeds,negative,neutral,0.49732866883277893,0.4173124,0.49732867,0.0853589
too many ads dude,negative,negative,0.651523768901825,0.65152377,0.3088655,0.039610732
through this app i get amazing deals,positive,positive,0.9161434769630432,0.022275388,0.061581206,0.9161435
very helpful & useful for media <url>,positive,positive,0.9209069013595581,0.014036141,0.06505698,0.9209069
very helpful the apps,positive,positive,0.9196172952651978,0.0123688085,0.06801392,0.9196173
update screwed the app over,negative,negative,0.9428764581680298,0.94287646,0.046242468,0.010881118
i love the variety of fashion styles this app offers. really digging on the poses & emotion statements. emoji id me. a ok,positive,positive,0.9291775822639465,0.017938,0.052884433,0.9291776
except advertising everything is fine,positive,neutral,0.6190087199211121,0.022791047,0.6190087,0.3582002
does what it's meant to do,positive,neutral,0.5860973000526428,0.09415615,0.5860973,0.31974655
it's bad browsing with opera,positive,neutral,0.6281911730766296,0.31139293,0.6281912,0.060415894
storm warnings are behind. weather warnings just seams to be behind,neutral,neutral,0.5918065309524536,0.30858055,0.59180653,0.09961289
not really but they had an annoying notification getting me to rate the app so,negative,neutral,0.805717945098877,0.07620798,0.80571795,0.11807406
was better before they started messing with it. but still a bit of silly fun,neutral,neutral,0.7635382413864136,0.072998226,0.76353824,0.16346349
can no longer save locations.,neutral,negative,0.8317110538482666,0.83171105,0.1520841,0.016204769
"i use to like this app. but now the radar animation don't work,and i use to like that. i see it doesn't work for other people either sence the upgrade.",negative,negative,0.537767231464386,0.53776723,0.40443996,0.05779279
it works but thats it,neutral,neutral,0.7004238963127136,0.050332382,0.7004239,0.24924375
"next update have any problems after i'm updates its say bbm not responding, and refresh page is take a long time, maybe <number> minutes, why the hell??",neutral,negative,0.5316178798675537,0.5316179,0.4090665,0.059315577
"just downloaded it, and haven't had the chance to use it much.",positive,negative,0.913347601890564,0.9133476,0.07753489,0.00911754
inferior to the ios version.,neutral,negative,0.7060772776603699,0.7060773,0.26079544,0.033127274
"this app just simply doesnt care if i have allowed the data access or not. despite completely stopping the access to mobile data and wifi, it still runs in the background, connects with the internet and receives the texts. extremely intrusive and not something to have installed on your phone. if this is how it behaves, then it can't be trusted. uninstalled.",negative,negative,0.9559834003448486,0.9559834,0.03774495,0.0062716263
quick booking. many options.,positive,positive,0.8664804697036743,0.012532139,0.120987386,0.86648047
can't jump to pages. up arrow disappears. at least make it optional for up arrow to stay visible all the time. just plain out aggregating to use.,negative,neutral,0.5808806419372559,0.36486214,0.58088064,0.054257225
very lag and make my phone so slow,negative,negative,0.49668633937835693,0.49668634,0.4615866,0.041727003
useful and stable application <signature>,positive,positive,0.9154939651489258,0.011626957,0.07287905,0.91549397
overall a good app fast downloading and <signature>,positive,positive,0.8819077014923096,0.008959673,0.109132625,0.8819077
good place to work in groups,positive,positive,0.7255913615226746,0.010207172,0.2642015,0.72559136
good application. but needs some improvement,positive,positive,0.6024690270423889,0.010558572,0.38697234,0.602469
good app but to much fake news and add,negative,positive,0.5813294053077698,0.012280261,0.40639028,0.5813294
cool idea with severe (ironic) bug,positive,neutral,0.7116324305534363,0.16965683,0.71163243,0.11871077
this app are clearing all data,neutral,negative,0.9427192211151123,0.9427192,0.044354033,0.012926762
good for a waytomake moneyon the side,neutral,neutral,0.6104474067687988,0.023332616,0.6104474,0.36621994
it is very nice app,neutral,positive,0.8000507354736328,0.012470763,0.18747854,0.80005074
"best editing software. ui is easy , but please remove the trial",positive,positive,0.63750821352005,0.023755027,0.33873674,0.6375082
not visible in app tray!,positive,negative,0.5095931887626648,0.5095932,0.43824035,0.052166488
the only thing i would do different is make this available on facebook i can't access it for my posts. had to uninstall and reinstall as it stopped working.,neutral,negative,0.9166695475578308,0.91666955,0.06959404,0.013736321
"would have been a perfect app excet for the fact that you cant insert the icon into your current text, but have to start a new one(text) <url> , and with every icon!",neutral,neutral,0.5237340331077576,0.037403155,0.52373403,0.43886277
some issues in confirming the booking.,neutral,neutral,0.7073801755905151,0.04472982,0.7073802,0.24789001
pls also cover news of intl. importance,neutral,positive,0.721910834312439,0.069382206,0.20870697,0.72191083
very easy to navigate,positive,positive,0.9118484258651733,0.015779506,0.07237211,0.9118484
won't stop shutting down. reported several times,negative,negative,0.9076883792877197,0.9076884,0.08045437,0.011857288
easy and very helpful,positive,positive,0.9284104704856873,0.013049716,0.05853987,0.9284105
"there is a problem, at least in this version, each time i try to view an already downloaded city guide while i'm online, always displays the search page for hotels <url>",neutral,neutral,0.7456618547439575,0.13437465,0.74566185,0.11996346
i am just downloading the app after completion i'll increase or decrease the rating based on the app performance,neutral,negative,0.6418642401695251,0.64186424,0.31263754,0.045498215
"notif now okay, ads still not ok",positive,negative,0.5157102346420288,0.51571023,0.4466186,0.0376712
"great app, too bad i'm on android.",positive,neutral,0.4688144326210022,0.10285758,0.46881443,0.42832804
"it's is very effective app , but it takes too much time in opening",neutral,neutral,0.5067577362060547,0.015303233,0.50675774,0.47793904
same bad it is good for search and for download but it is no to much good when i open uc browser on it home sreen or default and not save language option for my side not good,neutral,neutral,0.6662606596946716,0.2622324,0.66626066,0.07150698
not good for me,negative,neutral,0.5621305108070374,0.38182223,0.5621305,0.05604728
it's good for few days later it is not working well,neutral,neutral,0.7937129139900208,0.030902924,0.7937129,0.17538422
"keeps crashing. really looked fwd to checking it out, but crashes all the time. the few times it worked the timer got messed <url> work it out!",neutral,negative,0.7312527298927307,0.73125273,0.2458908,0.022856507
the worst - yet the only <url> ckck,negative,negative,0.9273392558097839,0.92733926,0.058720443,0.013940222
i love this app!it really helped me! devs keep on fixing and constantly improving on the app. worth any all in app purchases (which are very cheap btw). just missing a widget! &lt;/ <number>,negative,positive,0.836219072341919,0.03967455,0.12410633,0.8362191
my bbm very slow .. what happen ??,negative,negative,0.5160230398178101,0.51602304,0.4349822,0.048994776
i like booking in my computer,neutral,positive,0.7612887024879456,0.036815815,0.20189549,0.7612887
i like this app,positive,positive,0.8270806670188904,0.03516484,0.13775447,0.82708067
can't do or find anything on the app,negative,negative,0.7867308855056763,0.7867309,0.19819409,0.015075025
why open raw files ?,positive,neutral,0.6588137149810791,0.17764921,0.6588137,0.16353704
"all but useless in europe. slow to update and most features just don't work here at all. added a daily weather report, great! oh wait, it describes only one <url>",negative,negative,0.9274454712867737,0.9274455,0.05870483,0.013849611
something very wrong with the app,negative,negative,0.9162947535514832,0.91629475,0.07215241,0.011552845
iterate this app more then ads,negative,neutral,0.5021733641624451,0.39888224,0.50217336,0.09894439
old seen should not repeat please,neutral,neutral,0.5000187754631042,0.40610415,0.5000188,0.093877085
great app for traveling,positive,positive,0.9059174656867981,0.016282877,0.07779965,0.90591747
was so great <url> but <url>,negative,neutral,0.6567683815956116,0.20649344,0.6567684,0.13673817
it's a nice app,positive,positive,0.7094682455062866,0.010221142,0.2803106,0.70946825
i love this service,positive,positive,0.8922780156135559,0.03506698,0.07265502,0.892278
larry delaney like it,neutral,positive,0.4818185269832611,0.044107914,0.4740736,0.48181853
not working with google messenger,neutral,negative,0.9199982285499573,0.9199982,0.069211334,0.0107904915
"i am enjoying the app very much, it was recommended by my nephew and it is everything that he said it would be!!",positive,positive,0.9134919047355652,0.020240491,0.06626764,0.9134919
really only works with small documents and even then runs into freezes on motorola droid. no page jump which for books is necessary,negative,neutral,0.6426719427108765,0.28530407,0.64267194,0.07202398
"i used to really love this app until it started killing my trees just for receiving a notification that i hadn't opened yet. advanced detection is not on. may as well turn the phone off, but i use it for music.",negative,neutral,0.4960247576236725,0.42601943,0.49602476,0.077955775
crashes immediately after startup - can't use it!,negative,negative,0.9563517570495605,0.95635176,0.036846664,0.0068016476
can't login to bbm,negative,negative,0.8412889242172241,0.8412889,0.14385234,0.014858732
an very much useful application,positive,positive,0.8738600015640259,0.016619172,0.10952084,0.87386
works great except a few things,positive,positive,0.6526644229888916,0.022574771,0.32476082,0.6526644
"<salutation> awful interface lacking any true customisation, yet another chat app that brings nothing new to the table and steals ideas from discord, an exercise in reinventing the wheel which hasn't been updated in years and crashes all the time. also i wouldn't trust this app if you value your privacy. avoid like the plague.",negative,negative,0.9566515684127808,0.95665157,0.035519995,0.007828339
good for editing bad for storage,neutral,neutral,0.7596254944801331,0.054174926,0.7596255,0.18619964
"it's <url> only downside is can't make just any emotion, but overall great",positive,positive,0.8445796966552734,0.011728859,0.14369142,0.8445797
used to work . please fix,negative,negative,0.8439475893974304,0.8439476,0.1383139,0.017738508
it would be great if there's a feature where i can sort my files in folders because it is irritating to find a certain file in my sea of different subjects.,positive,neutral,0.5292888283729553,0.013851774,0.5292888,0.45685944
one thing that uc devs definitely do is to remove ads and news <url> page is annoying if we want to read then will go in news site,negative,negative,0.5039048194885254,0.5039048,0.43521324,0.0608819
nice to be back,positive,positive,0.6576398611068726,0.01244408,0.32991612,0.65763986
"in all, we have to check this.",neutral,positive,0.5856170058250427,0.0744038,0.33997923,0.585617
freezes on some files,neutral,neutral,0.6667923331260681,0.250427,0.66679233,0.082780704
cannot save progress without spending money.,negative,negative,0.8826302289962769,0.8826302,0.103789106,0.013580615
greatly helpful. i like it,positive,positive,0.931367039680481,0.0162886,0.05234435,0.93136704
can't even spell sydney right,negative,negative,0.9474971294403076,0.9474971,0.044805214,0.0076976735
can't even create an account,negative,negative,0.9618014097213745,0.9618014,0.029737365,0.008461277
nice app but you put extra features in this app but app is good,neutral,positive,0.556143581867218,0.011643481,0.43221292,0.5561436
"good, but better without all those ads like other free messengers such as whatsapp, telegram, etc",neutral,positive,0.5250130891799927,0.010792606,0.46419427,0.5250131
wow. useless. hated it. <number> stars. (if i <url> ),negative,negative,0.960502564907074,0.96050256,0.030016337,0.009481036
"bloated, glorified chat. i use it because my company obliges me to do so.",negative,negative,0.6310374140739441,0.6310374,0.31759292,0.051369634
it dors ansolutely nothing. wastef my time!,negative,negative,0.9614017605781555,0.96140176,0.03159416,0.0070041586
superb editing in this,neutral,positive,0.8909960985183716,0.015408198,0.09359568,0.8909961
"generally very good & helpful, with some good prices. free cancellation option is extremely useful.",positive,positive,0.9302588105201721,0.01211954,0.057621665,0.9302588
"the ""i'm listening to"" <url>",positive,positive,0.49005553126335144,0.1002838,0.4096607,0.49005553
"solid app, but lacking in the tablet ux area",positive,neutral,0.7946162223815918,0.051918637,0.7946162,0.15346509
let people to create more characters,neutral,positive,0.6523622870445251,0.030812558,0.31682512,0.6523623
app is good brower is so fast but news section in uc brower is the worst thing in the world,neutral,neutral,0.7063325047492981,0.067499414,0.7063325,0.22616819
"it is good easy to use , but why i have to download opera browser to download any videos from uc browser please fix this problem .",neutral,neutral,0.5071227550506592,0.01833115,0.50712276,0.47454607
it worked better before the <url> anything posted is hard to see and get to.,neutral,neutral,0.5440350770950317,0.34870747,0.5440351,0.1072575
can't apply for instagram. please updated,neutral,negative,0.7421591281890869,0.7421591,0.22988422,0.027956726
image size goes from <number> mb to <number> kb else fine.,neutral,neutral,0.6692259311676025,0.02409197,0.66922593,0.30668208
please enable apps <number> sd immediately. <signature>,negative,neutral,0.548516571521759,0.23432851,0.5485166,0.2171549
like the app but the don't update rainfall very often.,positive,neutral,0.6504259705543518,0.02385937,0.650426,0.32571465
i liked <url> the size of this app is <url> is better,positive,neutral,0.5479541420936584,0.054065485,0.54795414,0.3979804
this app is extremely bloated. for the functionality provided it should fit within <number> mb without issues.,negative,neutral,0.5296487212181091,0.3975577,0.5296487,0.072793595
half assed. uninstall! droid ally,negative,negative,0.9643608927726746,0.9643609,0.028736664,0.0069024735
quite nice - would be useful to edit posts from mobile,positive,positive,0.7500737309455872,0.01017687,0.23974936,0.75007373
app <number> f. temp <number> f,negative,negative,0.5478745698928833,0.54787457,0.3787137,0.073411785
too many update it's annoying,neutral,neutral,0.7233887910842896,0.2018277,0.7233888,0.07478347
not responding to phone calls or emails. no customer service at all.,negative,negative,0.9358948469161987,0.93589485,0.055501956,0.008603234
thanks for fixing the problem,negative,positive,0.778126060962677,0.013241811,0.20863217,0.77812606
room rate at times is misleading subject to additional charges,neutral,neutral,0.5952554941177368,0.34381756,0.5952555,0.060926966
access to files/photos/media,negative,neutral,0.4970199465751648,0.070607826,0.49701995,0.43237224
"best messaging app, not so great for file sharing though",positive,positive,0.7794827818870544,0.013355913,0.20716134,0.7794828
they want to much access,neutral,neutral,0.469694048166275,0.43192303,0.46969405,0.09838286
"would love more clothing choices, glasses and skin tones.",neutral,positive,0.9094720482826233,0.012593,0.07793499,0.90947205
line freecall is better than bbm freecall,neutral,neutral,0.6283428072929382,0.06669301,0.6283428,0.3049642
this app very nice & use very easy,neutral,positive,0.9168643355369568,0.013018895,0.07011677,0.91686434
make the dp full hd,neutral,neutral,0.5940425992012024,0.053539854,0.5940426,0.35241756
good if it doesn't has annoying news banners,positive,neutral,0.6811563372612,0.018809697,0.68115634,0.30003393
please make the lite variant of this app for smartphones with less storage.,negative,neutral,0.5127871036529541,0.07474779,0.5127871,0.41246513
age group <number> to <number> years old,negative,neutral,0.5572353601455688,0.18603545,0.55723536,0.25672916
takes a lot of space,negative,neutral,0.7448981404304504,0.1514031,0.74489814,0.10369872
trible app. ui is horrible.,negative,negative,0.9403945207595825,0.9403945,0.05036366,0.009241826
loved the app very much,positive,neutral,0.4581798017024994,0.23766133,0.4581798,0.30415884
this bbm is not working on my galaxy s <number> edge why,neutral,negative,0.9190133810043335,0.9190134,0.07048521,0.01050142
it's great <url>,neutral,positive,0.793704092502594,0.023525344,0.18277054,0.7937041
where is option for timer,negative,neutral,0.7028076648712158,0.049497902,0.70280766,0.2476944
well not. so good work but. some what.,neutral,neutral,0.8101794719696045,0.05559777,0.8101795,0.1342228
this could be great <url>,neutral,neutral,0.6076598167419434,0.06762565,0.6076598,0.32471448
take too much space or ram to run,neutral,neutral,0.6492108702659607,0.29117972,0.6492109,0.059609428
very useful. ive used the app many times in the last few years. hv even referred others by telling them directly. wish full address address of property could be included even before booking. thats my only complaint.,positive,positive,0.8508912324905396,0.01495429,0.13415445,0.85089123
i love it but she doesn't look like me after making so many changes!!,positive,positive,0.7566410303115845,0.028905148,0.2144538,0.75664103
"it's ok, but since it appears to have basic reflow why can't we have white text on black background to save battery?",neutral,neutral,0.7946029901504517,0.018623747,0.794603,0.18677318
great!!! amazing tool for textbooks in pdf <url> i use it on my lenovo tab <number> <number> plus and it works awesome. most of my medical textbooks converted in pdf run absolutely fine with this app.,positive,positive,0.922259509563446,0.017904228,0.059836198,0.9222595
bothering me for a rating,neutral,neutral,0.6274559497833252,0.3007137,0.62745595,0.07183034
it works great until you need to use another app. even when i whitelist apps my tree still withers,neutral,positive,0.48436427116394043,0.032399468,0.48323634,0.48436427
good weather overview. occasionally buggy (no pun intended).,positive,positive,0.7248075604438782,0.01106447,0.264128,0.72480756
when it works is great,neutral,neutral,0.693599283695221,0.12898523,0.6935993,0.17741549
radar map doesnt work at all since last update. please fix and get <number> stars,negative,negative,0.9561648368835449,0.95616484,0.037304126,0.0065309885
"how do i use on facebook,?",negative,neutral,0.5185208320617676,0.15523164,0.51852083,0.32624754
used to be my favorite app,negative,negative,0.8086010217666626,0.808601,0.17285609,0.018542927
its all good except for one thing.,neutral,neutral,0.6847489476203918,0.013468983,0.68474895,0.301782
to good to be true,positive,neutral,0.45949456095695496,0.0996819,0.45949456,0.4408235
this app is useful for me,positive,positive,0.7421526908874512,0.015262856,0.24258447,0.7421527
"only worked for a day, then the app would never open and kept saying there was a error. uninstalled the re-installed <number> times never worked again",negative,negative,0.9482043981552124,0.9482044,0.04391778,0.007877882
not able to open pdf's downloaded to sd <url>,negative,negative,0.7413758039474487,0.7413758,0.23520824,0.023416027
slow and crashes dinc v <number> . <number>,negative,negative,0.7182198166847229,0.7182198,0.24819505,0.033585165
"easy to use, fairly accurate!",positive,positive,0.9322620630264282,0.0131132305,0.05462463,0.93226206
its a usefull app for informal office communication.,positive,positive,0.9154045581817627,0.011636664,0.07295882,0.91540456
"facebook face detection doesn't work, so you have to start from scratch. also not enough selection to choose from.",neutral,negative,0.7447958588600159,0.74479586,0.23307218,0.022132
more than one and add more stuff. (stuff to make the avatar),neutral,positive,0.793062686920166,0.019607153,0.18733011,0.7930627
i can't play it that sucks,negative,negative,0.9379793405532837,0.93797934,0.05351574,0.0085049085
crashes during import htc one m <number>,negative,negative,0.8488875031471252,0.8488875,0.13166709,0.019445352
does exactly what it says. i like it.,positive,positive,0.8929786086082458,0.016851429,0.090169944,0.8929786
i think this app is good,positive,positive,0.6077898740768433,0.013059777,0.3791504,0.6077899
great app. free cancellation should be indicated per hotel before booking.,positive,positive,0.8465451598167419,0.03720054,0.11625432,0.84654516
"it's great for pdf, i only wish it supported other book formats like epub or mobi",positive,positive,0.8070934414863586,0.012874887,0.18003164,0.80709344
"stopped working and deleted everything after a week, pretty poor i'd say",negative,negative,0.9452146291732788,0.9452146,0.046226237,0.008559135
"a couple days ago, started telling me it can't attatch the emoji to my texts, that just stinks! i have a galaxys <number>",negative,negative,0.913999617099762,0.9139996,0.07650784,0.009492614
overall very useful app. i only don't like the fact that also sold-out hotels are shown. can be quite frustrating.,positive,positive,0.626236081123352,0.01562788,0.35813603,0.6262361
works well. it could have been better if approximate dates were allowed in search form.,positive,positive,0.6752581596374512,0.010195111,0.3145467,0.67525816
still not as good as it could be!,neutral,neutral,0.7577481865882874,0.10179967,0.7577482,0.14045216
for more information about this review go to <url>,negative,neutral,0.445708304643631,0.2300198,0.4457083,0.32427186
its been <number> years im using uc browser i gave a feedback that in uc browser we can't download videos directly to sd <url> have given a feedback about this past <number> years back but still uc team have not sloved my <url> service i request google team to please remove this uc browser from google <url> dnt need this kind of careless team ..,negative,negative,0.9378658533096313,0.93786585,0.05399162,0.008142579
awesome app to find any <url> it,positive,positive,0.8886695504188538,0.017814882,0.093515575,0.88866955
ok permissions fix. i've updated and given back two of the four stars i'd dropped.,neutral,neutral,0.7749901413917542,0.09450122,0.77499014,0.1305086
i love the idea but can we get a weekly forest too?? that would be quite motivating!,neutral,positive,0.7657846212387085,0.014089294,0.22012609,0.7657846
it's very good for edit photos and make photos and make a design of any things,positive,positive,0.9130862355232239,0.014043016,0.07287076,0.91308624
"i really love the lightroom software for laptops and other devices, but i don't find the app really convincing when compared to the software as you just miss so many options in the app",neutral,neutral,0.5397425293922424,0.043394662,0.5397425,0.41686288
"latest version is <number> . <number> . <number> , last updated on <number> th september <number> . uninstalled as abandoned. desktop is already at <number> . <number> .",negative,negative,0.9547278881072998,0.9547279,0.036431603,0.008840533
just click the back button and my tree will still <url> and i don't think i have the whitelist edit- i think your tree only dies when you open another app that isn't on your whitelist or else the list is <url> am i wrong?,positive,negative,0.7112593650817871,0.71125937,0.2548366,0.033904027
adobe products are awsome,positive,neutral,0.5305182337760925,0.22629431,0.53051823,0.24318747
latest update fails to install with 'unknown reason - <number> ',neutral,negative,0.8825755715370178,0.8825756,0.10202171,0.015402661
"the app syncs messages too slowly and marking messages as ""read"" is buggy.",neutral,neutral,0.7345428466796875,0.061243497,0.73454285,0.20421371
"great service, terrible app. the app doesn't seem work with mobile internet which makes it mostly useless.",negative,negative,0.9449146389961243,0.94491464,0.044485282,0.010600147
now <number> % harder to use,negative,negative,0.7140827178955078,0.7140827,0.22988045,0.05603689
marginal but still better than others i have tried.,neutral,neutral,0.7648811340332031,0.044187415,0.76488113,0.19093151
the app doesn't provide multiple tabs at a time. it would be great if its possible.,positive,neutral,0.6836683750152588,0.022144143,0.6836684,0.29418752
good app and uesfull,negative,positive,0.7108824253082275,0.01157226,0.2775453,0.7108824
only hate the <url>,positive,neutral,0.4659689664840698,0.18942206,0.46596897,0.34460905
"i was using it every day and i think it was brilliant, even upgraded to paid version but since last update i haven't been able to access it at all as it keeps crashing. please fix it.",neutral,neutral,0.6275510787963867,0.2056819,0.6275511,0.16676697
wont work for saml integration,neutral,negative,0.9535868167877197,0.9535868,0.039444484,0.0069687366
good but ads are annoying,neutral,neutral,0.6307854652404785,0.0146564655,0.63078547,0.35455805
"app works fine, but it is very disappointing that there is no possibility to just use the map to find available accommodation. you always have to fill a place to search, but mostly i just want to browse and see what's available, regardless of the location.",neutral,neutral,0.6690287590026855,0.016630413,0.66902876,0.31434083
worst app and if it is install u r phone become a virus attack,negative,negative,0.9656080603599548,0.96560806,0.027054159,0.0073377276
not what i'd expect from the creators,neutral,negative,0.6927890181541443,0.692789,0.2801986,0.027012395
"won't leave my facebook, like a <url>",negative,negative,0.9495274424552917,0.94952744,0.042914033,0.0075585693
ads is an inconvenient thing so far,positive,negative,0.5269551277160645,0.5269551,0.43518522,0.0378596
"i like the interface , it's really good. for me, i feel it would be nice to have a look up option when we right-click on words . it's functionality is to link up words to our dictionary apps. <signature>",positive,positive,0.8775492310523987,0.009359569,0.113091245,0.87754923
good but many <url>,positive,neutral,0.5274381637573242,0.015811132,0.52743816,0.45675072
requires photos to be imported into lightroom. i know this has how the desktop version but wish the mobile version was faster and easier to use.,neutral,neutral,0.6616272926330566,0.035885103,0.6616273,0.3024877
miss tabs to move between open docs. otherwise is fab.,positive,neutral,0.7319585680961609,0.08509484,0.73195857,0.18294664
"they stole from me i wanted a refund and because the manager of the hotel i chose treated me indifferently all because i wasn't <number> and so i emailed their "" <number> hour customer service"" and never got helped. lost $ <number> . don't use this app it is a trap.",negative,negative,0.9633527398109436,0.96335274,0.029586453,0.007060717
my ag fans love the photos i do,positive,positive,0.9091225862503052,0.024742698,0.06613471,0.9091226
this app would be perfectly awesome if it worked with the keyboard on my tablet so that i could use it in facebook when i <url> without white backgrounds,neutral,positive,0.7349944710731506,0.016958913,0.24804662,0.7349945
"why my friends can retract or delete their messages, while i can't? i don't know what bb phone or android they have.",neutral,neutral,0.6504608392715454,0.2177528,0.65046084,0.13178636
it sucks non free things to choose from,negative,negative,0.9575193524360657,0.95751935,0.03420823,0.008272395
this is very good app for downloading,positive,positive,0.8414326310157776,0.01645532,0.14211205,0.84143263
not accurate information all the time,neutral,neutral,0.7489949464797974,0.15127924,0.74899495,0.0997258
cannot show my reserved bookings,negative,neutral,0.5325149297714233,0.422316,0.5325149,0.04516907
i love this app,positive,positive,0.8208131194114685,0.06000362,0.11918335,0.8208131
my company forces me to use this app.,neutral,negative,0.958659291267395,0.9586593,0.033101685,0.008239079
it's hard to cancel a booking when <url> to use,neutral,neutral,0.6919921040534973,0.229278,0.6919921,0.078729935
won't open email attachments,negative,negative,0.9605774879455566,0.9605775,0.032522738,0.0068997764
couldn't find a better suited search app. compliments to the team. trivago couldn't find these many options.,positive,neutral,0.5431773066520691,0.41246343,0.5431773,0.044359263
"simple to use, don't seem to be able to see complete booking information",positive,neutral,0.5788435339927673,0.046973106,0.57884353,0.37418336
absolutely one of the <signature>,positive,positive,0.921037495136261,0.0187592,0.060203325,0.9210375
i like the reading mode specially. but sometimes it crashes.,positive,positive,0.6491223573684692,0.022363229,0.32851446,0.64912236
sounds and digital mixer cansol,positive,positive,0.5786999464035034,0.06275289,0.35854712,0.57869995
"lacks a lot of basic features such as bookmarks and ""goto page"". thinkoffice does a better job.",negative,neutral,0.7878248691558838,0.120020986,0.78782487,0.09215414
much better than asana,positive,positive,0.6923806071281433,0.045066163,0.26255324,0.6923806
better on my windows phone,negative,neutral,0.5820063948631287,0.05473561,0.5820064,0.363258
it's good but always show on screen when i switch on my home screen,neutral,positive,0.5892617106437683,0.010085036,0.4006533,0.5892617
this app is my go to when i need to know about the weather.,positive,positive,0.8816186189651489,0.024790214,0.09359123,0.8816186
"okay but not great, and not really improving",neutral,neutral,0.8154474496841431,0.028269742,0.81544745,0.1562829
it should have pause option,neutral,neutral,0.7164185643196106,0.03125762,0.71641856,0.25232384
"all is good in this app except i couldn't see any hdr option while clicking photos, may be since i use oneplus one, which also has high processing power and advanced chipset enough to support this app. so they should support many more devices like this! hope the support arrives in next update itself.",neutral,neutral,0.52806556224823,0.017519325,0.52806556,0.45441505
"professional app , useful for office purpose , easily connect to office by mobile but too much heavy unable to send messages on slow network.",positive,positive,0.8383925557136536,0.01745499,0.14415246,0.83839256
update is not starting after clicking on update button,negative,neutral,0.580370306968689,0.32329896,0.5803703,0.0963307
hate it since the update,negative,negative,0.9506017565727234,0.95060176,0.040727265,0.008670954
tired of getting ripped off.,negative,negative,0.5605689883232117,0.560569,0.39796767,0.04146332
had to sleep in the truck!,negative,negative,0.9226068258285522,0.9226068,0.067527235,0.009865961
radar stopped working. i would've given <number> star rating if it worked.,negative,negative,0.9262001514434814,0.92620015,0.062467717,0.011332111
worst experience in goa,negative,negative,0.9602507948875427,0.9602508,0.03183989,0.007909277
like it because it syncs better,positive,positive,0.7761183381080627,0.016116058,0.20776564,0.77611834
i can connect to my friends.,positive,positive,0.8842642307281494,0.018463371,0.09727239,0.88426423
i love this app,negative,positive,0.8208131194114685,0.06000362,0.11918335,0.8208131
fantastic app for downloading and easy to use,positive,positive,0.9250897169113159,0.01354307,0.061367266,0.9250897
"unable to change alert sound. not in options. unable to enable alerts per channel, on all or keywords and direct. closer to a beta than an app.",negative,negative,0.5569004416465759,0.55690044,0.41391486,0.029184697
so much fun! makes people laugh.,positive,positive,0.8679763674736023,0.021279806,0.110743836,0.86797637
similar to all other photo editing apps. doesn't stand out from ythe rest.,neutral,neutral,0.8025162220001221,0.09572513,0.8025162,0.10175864
the quality of display picture is so bad,neutral,negative,0.5497345924377441,0.5497346,0.40601304,0.044252377
this app is very fast,neutral,positive,0.7760135531425476,0.030928846,0.19305758,0.77601355
dear friends do not install this browser. this browser is pathrtic <url> will ads and ads on this .really annoying,negative,negative,0.8696351647377014,0.86963516,0.11602717,0.014337674
please fix so i can type!,negative,neutral,0.6657524704933167,0.19802599,0.6657525,0.13622159
able to provide sufficent info regarding hotel that want to be rent,positive,neutral,0.4982817471027374,0.042284288,0.49828175,0.45943394
they make you pay to create an account!! this is outrageous.,negative,negative,0.9620840549468994,0.96208405,0.029587878,0.008328049
"it's a great concept for assosiating a reward to focus for those of us who struggle; however, my tree withers when someone phones me and i don't answer which is obviously a piss off.",positive,neutral,0.6310297250747681,0.12037883,0.6310297,0.24859145
really a very good app,positive,positive,0.877625584602356,0.014594738,0.107779674,0.8776256
awesome app! it will be better if you sync all your timers on your phones and chrome/mozilla extension. because i have to start to plant on my <number> phones and my browers when i'm working when you can do it just once and all your timers will start automatically. i hope you do it!,positive,positive,0.9043318033218384,0.015025934,0.0806423,0.9043318
this app is very nice,positive,positive,0.6860510110855103,0.01532358,0.29862538,0.686051
"this app is super cute! my only complaint is that there is no piercing section! i have <number> piercings and would really like to at least have a nose ring! or maybe earrings? also think you should be able to customize outfits, like pick a shirt, bottoms, and shoes! instead of just the premade outfits.",positive,positive,0.8870683312416077,0.013525364,0.09940627,0.88706833
"app is okay but has superfluous things that i will never use. including every option is okay but the ideal app would allow for complete customization of components and page information that is pertinent to the user and where they are located. additionally, collecting metrics on what users actually use versus what is weak allows for improved development of the weaker app areas. that said, i have used this app for a long time with little cause for complaint.",neutral,neutral,0.652093231678009,0.016583193,0.65209323,0.33132356
could you please add an option for exporting photos using the png format? it would be very handy.,neutral,positive,0.7371494174003601,0.011235572,0.25161496,0.7371494
i like the reflow feature. but useless for me as i can't search nor skip to a specific page (have to scroll through entire books),negative,neutral,0.7438850998878479,0.064466424,0.7438851,0.19164848
"simple yet effective. would be great if the app had more customisation options like moving the plants around, changing the colour etc.",positive,positive,0.8740255832672119,0.009995168,0.11597924,0.8740256
uc brouser is <signature>,positive,positive,0.6452596783638,0.09657444,0.25816587,0.6452597
not starting since last update. please see to it. i gave <number> star so you can quickly check my issue. my phone is note <number> neo n <number>,positive,neutral,0.6317433714866638,0.21067792,0.6317434,0.15757868
doesn't work properly on nova launcher,neutral,negative,0.9332875609397888,0.93328756,0.058320478,0.008391945
"useful, informative and helpful <signature>",positive,positive,0.9332098960876465,0.014731003,0.052059054,0.9332099
still no floating head!! disappointed,negative,negative,0.7751727104187012,0.7751727,0.20129287,0.023534443
this app sucks now,negative,negative,0.9632685780525208,0.9632686,0.027843714,0.00888763
it can't find my photos,negative,negative,0.8391050696372986,0.83910507,0.14769909,0.013195828
what happened to my little shortcut!? or used to stay open in all my messaging <url> now it's gone!!,negative,negative,0.8799386024475098,0.8799386,0.10413511,0.015926268
stable and functional but not totally user friendly.,neutral,neutral,0.6609797477722168,0.02054741,0.66097975,0.31847283
this is good <url>  downloading movies but many. ads are come in between browsing,neutral,neutral,0.6324288249015808,0.017261487,0.6324288,0.35030976
i don't like the company not the app,negative,negative,0.49985113739967346,0.49985114,0.43042165,0.06972712
"great app but would love to have better clothing styles. maybe peacoats, pencil skirts etc. <signature>",positive,positive,0.9166679382324219,0.012367772,0.07096427,0.91666794
radar map will not move. it hasn't been accurate either.,negative,negative,0.9177373051643372,0.9177373,0.07286058,0.009402071
"simplistic, designed to exceed expectations and overcome limitations.",positive,neutral,0.6251604557037354,0.037975155,0.62516046,0.33686435
<url> sometimes it's gone <url> hate slow,neutral,neutral,0.5853672027587891,0.29321095,0.5853672,0.121421844
"i would use it more but i dont like that it has to start a new message, would be better if it would just add to the convo on the screen",neutral,neutral,0.779290497303009,0.06488748,0.7792905,0.15582202
very bad app. it is forcing to instal. i think it is a virus.,negative,negative,0.9608945846557617,0.9608946,0.03021522,0.008890106
better if no trial period and unlimited use for free,positive,neutral,0.548229455947876,0.024894066,0.54822946,0.42687643
great but needs presets access,neutral,positive,0.8785964846611023,0.014476822,0.10692668,0.8785965
each time it simply keeps saying that my phone has <url> disgusting,negative,negative,0.6168560981750488,0.6168561,0.33687872,0.046265163
keeps documents in line. i really like this application!,positive,positive,0.9093571901321411,0.018483007,0.072159834,0.9093572
anyone video download stop and very slow download,negative,negative,0.576485812664032,0.5764858,0.38751185,0.036002386
used to work but no longer does. writing this review while my is growing :/,neutral,negative,0.8379326462745667,0.83793265,0.14622577,0.015841685
limited options but fun,neutral,neutral,0.6032373905181885,0.01498668,0.6032374,0.38177598
would give better but have'nt used much yet,negative,neutral,0.6959706544876099,0.023786444,0.69597065,0.2802429
"app ok, but temp doesn't update in notification bar",neutral,neutral,0.8344606161117554,0.034203723,0.8344606,0.13133565
no way to redeem tickets.,neutral,negative,0.9625481367111206,0.96254814,0.029559564,0.007892285
"silly app , it would let me open google while it will kill the plant if i open calculator or dictionary",negative,negative,0.8762835264205933,0.8762835,0.11029256,0.013423878
"wow, such a pos!",negative,positive,0.6787009239196777,0.06094149,0.26035756,0.6787009
is a great app but since the update a couple of days ago i can't get radar to work. tried uninstalling and reinstalling but doesn't work.,positive,neutral,0.7142290472984314,0.0687519,0.71422905,0.21701902
"i hate start up with system, i don't use it frequently",negative,negative,0.938649594783783,0.9386496,0.052672766,0.008677646
push notifications not working,negative,neutral,0.5030326247215271,0.43550503,0.5030326,0.0614623
good combination with acrobat reader. it's quite clear,positive,positive,0.8871955871582031,0.010353855,0.10245059,0.8871956
nice. update it to be more digital. very clear,positive,positive,0.8928732872009277,0.011476666,0.09565003,0.8928733
nice but sometimes hanging,positive,positive,0.5901979207992554,0.012041761,0.3977603,0.5901979
still getting to know it,positive,neutral,0.5527623295783997,0.083817884,0.5527623,0.36341977
i use it for reading articles and it's fine. would be useful to be able to open two articles at once for cross reference but otherwise happy with the app,positive,positive,0.8864536285400391,0.009878057,0.10366829,0.8864536
its better than others,neutral,positive,0.5796195864677429,0.014718406,0.405662,0.5796196
does not work. in play store not listed as trial .come on adobe you stop down loads from your services now products do not work and listed as free we hen really a trial,negative,negative,0.9647598266601562,0.9647598,0.027469048,0.0077711376
almost a good editor,positive,positive,0.7074138522148132,0.01587802,0.2767081,0.70741385
not able to download new <url>,neutral,negative,0.8172610998153687,0.8172611,0.16350283,0.019236092
"so i create a pdf using an adobe program, then send it to my phone to see what it looks like, but it won't open! pretty lame if you ask me.",negative,negative,0.844254732131958,0.84425473,0.13848451,0.017260816
sometime can't change display picture at asus zenfone <number> . please fix,negative,neutral,0.6889596581459045,0.053015266,0.68895966,0.25802508
really nice concept but on android it just keeps hanging and eventually crashing.,negative,neutral,0.7770641446113586,0.064790525,0.77706414,0.15814538
doesn't work on my phone. always error,negative,negative,0.953071117401123,0.9530711,0.04007194,0.006856927
slackbot opens every time i start to type a reply in the app. started happening with the last update (note <number> ). why can't we disable slackbot? <number> star until we get this ability.,negative,negative,0.6681498289108276,0.6681498,0.28829658,0.043553527
"complex app that covers all sorts of things related to travelling, maybe too many",positive,positive,0.8127918243408203,0.021787507,0.16542065,0.8127918
great and more awesome,positive,positive,0.9038357734680176,0.025959028,0.07020523,0.9038358
not what i asked for,negative,negative,0.874022364616394,0.87402236,0.110998146,0.014979506
i wish you would show canadian maps,neutral,positive,0.48681187629699707,0.037698943,0.4754891,0.48681188
you don't allow to take in-app screenshots?,neutral,negative,0.5701987147331238,0.5701987,0.38677198,0.04302936
how about date birth,negative,neutral,0.5528851747512817,0.08075155,0.5528852,0.36636323
"works great, other then not being able to delete content directly from phone.",neutral,positive,0.5864048600196838,0.01834857,0.39524662,0.58640486
can't copy/paste or add keyboard to android,negative,neutral,0.7761402130126953,0.14300978,0.7761402,0.080850035
can't even create a account tried more than <number> times,negative,negative,0.9627435803413391,0.9627436,0.029877523,0.007378918
fast and good but missing features.,neutral,positive,0.49453476071357727,0.014475549,0.49098969,0.49453476
cannot get rid of floating head in my messages and it's driving me mad. i've had to uninstall the app to get rid of it &gt;:-/,negative,negative,0.8563578128814697,0.8563578,0.13170555,0.0119366
"love this app. i use it to study, but i answered a phone call and it wilted my tree. i can't really help when i receive phone calls. this one had to be answered and now i have to look at a wilted tree in my beautiful forest. i am upsetti spaghetti since i'm a perfectionist",positive,positive,0.7845712304115295,0.03686792,0.17856085,0.78457123
this app is slowly work,neutral,neutral,0.5983444452285767,0.2699328,0.59834445,0.13172276
no instructions on how to delete files/pages viewed.,neutral,neutral,0.5952697992324829,0.34142292,0.5952698,0.06330726
it helps a lot.,positive,positive,0.8838999271392822,0.016305557,0.099794574,0.8838999
"need to improve performance, usablity, and <url>",neutral,positive,0.5624542832374573,0.03262597,0.40491977,0.5624543
multiple image share option is missing,neutral,neutral,0.6627961993217468,0.047673155,0.6627962,0.28953063
"i like the functions, but",neutral,positive,0.5282774567604065,0.024238292,0.44748425,0.52827746
why don't you just block us all?! =d =d =d,negative,negative,0.7245184779167175,0.7245185,0.23903756,0.036443964
easy to find hotel,neutral,positive,0.8423874378204346,0.016216503,0.14139605,0.84238744
"if unexpected crashes negleted, it is so far the <signature>",positive,positive,0.6633216142654419,0.03789712,0.29878128,0.6633216
used to love it,negative,negative,0.8371168375015259,0.83711684,0.14653026,0.016352968
"i love this app but with the latest update it died when i used a white listed app, and when i checked my whitelist i couldn't scroll through or change anything which was weird. plz fix this and add more trees!",positive,positive,0.6270449757575989,0.04689413,0.32606092,0.627045
very good mobile phone photo editor,positive,positive,0.9049628376960754,0.01217455,0.08286264,0.90496284
keeps telling u to turn on the access then brings u to the settings page and even aft you check all the boxes doesnt take you back to the app. and continues to keep popping up disrupting phone usage. app doesnt work properly,negative,negative,0.9331774115562439,0.9331774,0.058784068,0.008038548
app is faster but stucks mobile pleas fix it up,positive,neutral,0.7074790000915527,0.16877584,0.707479,0.123745166
"should have ""seen"" feature",neutral,neutral,0.7842280864715576,0.052179858,0.7842281,0.16359206
"can not zoom in or out, plis fix",neutral,negative,0.57546466588974,0.57546467,0.39181796,0.03271739
nice idea and interface but finding friends doesn't work on android,neutral,neutral,0.8034570813179016,0.049367953,0.8034571,0.147175
white list is so frustrating!,negative,negative,0.6472061276435852,0.6472061,0.32061207,0.032181833
need <url> saving to gallery issue adding photo issue,neutral,neutral,0.6914790868759155,0.18501194,0.6914791,0.12350896
the live doppler doesn't work since i updated,negative,negative,0.601241946220398,0.60124195,0.36171976,0.037038274
very ugly and difficult to use platform. i do not suggest it. very bad,negative,negative,0.9500774145126343,0.9500774,0.0419665,0.007956004
recent update be unstable and loading so late,neutral,negative,0.6365647912025452,0.6365648,0.32258895,0.040846273
would give <number> stars if you blocked the facebook messenger bubble as well,positive,neutral,0.5350103974342346,0.026084706,0.5350104,0.4389049
it's a good overall weather app. do miss the traffic cam.,positive,positive,0.7843161821365356,0.00969038,0.2059934,0.7843162
really hard to navigate.,neutral,negative,0.8541679978370667,0.854168,0.13150568,0.014326308
they don't refund difference if room is cheaper,negative,negative,0.6087456941604614,0.6087457,0.3265981,0.064656205
"works most of the time. freezes sometimes while trying to open a document, but just restart the app and it's good to go.",positive,neutral,0.5754613876342773,0.02986384,0.5754614,0.39467475
my friend show me it on tumbler it's amazing <signature>,positive,positive,0.9083924293518066,0.016860845,0.074746735,0.9083924
would of gave it <number> stars if i could. i just figured out that this app was using <number> % of my battery life and i never even use the app. sucks really bad.,negative,negative,0.9162307381629944,0.91623074,0.0721445,0.011624689
"you ruined the icon, we said ok. now you are ruining the background color too. stop changing, no one was complaining!",neutral,negative,0.8200971484184265,0.82009715,0.16094753,0.018955283
should have been a <number> star but why's the android version lacking local adjustments that the ios version has. i can understand that there may be delays among platforms but it's already <number> months behind!,neutral,neutral,0.7494036555290222,0.12776895,0.74940366,0.12282737
nothing i want from this app,negative,negative,0.9511006474494934,0.95110065,0.040910214,0.007989091
so great until today,negative,neutral,0.4333558678627014,0.20056862,0.43335587,0.36607558
it would be nice if it had it on like whatsapp for android but you have to download another app to access that <url> yeah but it's good,positive,neutral,0.5794597864151001,0.011665013,0.5794598,0.4088752
high quality images turns into low quality,neutral,neutral,0.6599050164222717,0.23777097,0.659905,0.102323934
"it doesnt work, the screen flashes on and off and it wont open",negative,negative,0.9581829309463501,0.95818293,0.034956064,0.0068609766
no retract in options,neutral,neutral,0.7373422384262085,0.100626245,0.73734224,0.16203155
last position read somewhat flawed,neutral,neutral,0.6467154622077942,0.21288839,0.64671546,0.14039613
get <number> days free trial. nice. to try it i need to be able to access photos that store to my sd card. i do that so i have room on my phones internal drive. waste of time,negative,negative,0.8232624530792236,0.82326245,0.14525639,0.031481165
does not support to open pwd protected document,neutral,negative,0.8166295886039734,0.8166296,0.16561167,0.017758727
got rid of the irc gateway. this was why we used slack. uninstalled.,negative,negative,0.9599426984786987,0.9599427,0.03216457,0.007892726
more theme and customization <url>,positive,positive,0.6912296414375305,0.035592556,0.2731778,0.69122964
some items don't work!,neutral,neutral,0.7240282297134399,0.1685733,0.7240282,0.107398465
map animation still has bug.,negative,neutral,0.7027775049209595,0.18930945,0.7027775,0.10791308
"ignores some files, loads a few others",neutral,negative,0.8050438761711121,0.8050439,0.17869984,0.016256282
it's not as good as it used to be,neutral,neutral,0.7516313791275024,0.14946306,0.7516314,0.09890556
"good, but needs things",positive,neutral,0.588735044002533,0.0131032,0.58873504,0.39816177
not working properly on samsung galaxy a <number> .,negative,negative,0.9100964069366455,0.9100964,0.078889266,0.01101434
views pdfs better then stock app but it doesn't see pdf's on sd card,negative,neutral,0.7573882341384888,0.13864887,0.75738823,0.10396288
no way to get rid of ads on terrible screen layout.,negative,negative,0.9614065885543823,0.9614066,0.031439714,0.0071537094
required an account. i want an app to edit pictures on my phone. the online storage and synchronization should be an optional feature; not a requirement.,negative,neutral,0.7562372088432312,0.17305344,0.7562372,0.070709325
ok with local weather love the thunder part of the app,positive,neutral,0.527621865272522,0.019766016,0.52762187,0.45261213
trivago the tru app,neutral,neutral,0.4772263169288635,0.15343173,0.47722632,0.369342
add a floating notification,positive,neutral,0.6129329800605774,0.065294616,0.612933,0.32177237
why i can not share video on bbm group; too many update but no significant effect,negative,neutral,0.674017071723938,0.23478867,0.6740171,0.09119429
limited options for search,negative,neutral,0.7711793780326843,0.028193051,0.7711794,0.2006275
good for messaging not for calls,neutral,neutral,0.7493147253990173,0.060893815,0.7493147,0.18979144
"it's available when i need it and it's more accurate than other weather apps i've tried. update(jan <number> ) <url> recent california winter has been crazy, and frankly this app has let me down with inaccurate forecasts for most of it. comparatively, the google now app is more accurate. maybe the sensors in my area are just bad. when it's fixed, i revisit my review.",neutral,neutral,0.5400627255439758,0.04203873,0.5400627,0.41789854
you could add a bit more features. birthmarks scars moles etc,positive,positive,0.5449701547622681,0.020885084,0.4341448,0.54497015
i am using it before <number> years,positive,neutral,0.5191680788993835,0.22687152,0.5191681,0.25396043
like many sites if you visit a chosen hotel more than once or twice the price rises!,neutral,positive,0.8013833165168762,0.01515765,0.18345904,0.8013833
amazing experience so far with this. iam being familiar with it.,positive,positive,0.9140006899833679,0.014921326,0.07107801,0.9140007
doesn't save properly half the time and definitely could use some more filters.,negative,neutral,0.7764007449150085,0.14785738,0.77640074,0.07574193
why is the iphone app so much better!,negative,neutral,0.521109938621521,0.3962085,0.52110994,0.082681544
"browser not opening sites, it just ideal.",negative,neutral,0.7653576135635376,0.10453681,0.7653576,0.1301056
"continuous crashing, won't even open now.",negative,negative,0.9581550359725952,0.95815504,0.03404892,0.0077960175
they forced me to rate them so i docked a star.,neutral,negative,0.954644501209259,0.9546445,0.03672882,0.008626723
lame. doesnt work for samsung intercept,negative,negative,0.9623351097106934,0.9623351,0.030901153,0.006763755
of mice and man,negative,negative,0.4396253824234009,0.43962538,0.43630242,0.124072164
only thing missing is custom notification,positive,neutral,0.5206831097602844,0.0733791,0.5206831,0.40593782
video cant open after click tha video,negative,negative,0.8805100917816162,0.8805101,0.10718285,0.0123069985
weather animation has stopped and will not start. has been off nearly <number> weeks.,negative,negative,0.9027467370033264,0.90274674,0.08735319,0.009900059
"i just came here because this app was featured on silicon valley, looks like a great app with an attractive interface.",positive,positive,0.8450872302055359,0.016177412,0.13873538,0.84508723
it's okay except for i have a lg phone and it doesn't work that well with the lg phone,positive,neutral,0.8517364859580994,0.028563235,0.8517365,0.11970032
cannot open or detect image file imported from nikon <number> j <number> camera which has .jpeg <url> i had to convert it first or use another photo app editing and save <url> so lightroom could detect the file <url>,neutral,neutral,0.6135697364807129,0.33349836,0.61356974,0.05293187
having trouble downloading the app,negative,neutral,0.6340748071670532,0.29919034,0.6340748,0.06673488
i can't sent it through my messages to my contacts. only through facebook and that is absolutely ridiculous. this app sucks,negative,negative,0.9621702432632446,0.96217024,0.030948054,0.006881755
very quickly reservation done.,positive,positive,0.9030275940895081,0.022446018,0.074526444,0.9030276
<salutation> please give setting to turn it off,negative,neutral,0.4697105586528778,0.15182458,0.46971056,0.37846482
fantastic app to track lighting! the rest of the app is the same as any other really. but in fairness i do not use the rest of the app.,positive,positive,0.8945892453193665,0.012633525,0.09277726,0.89458925
service is good but app is not much android oriented,neutral,neutral,0.8027088642120361,0.036123708,0.80270886,0.16116746
this app is better,neutral,neutral,0.49518102407455444,0.16816087,0.49518102,0.33665818
the improvement are a lot better but it would be nice to be able to send large mp <number> or mp <number> files via bbm.,positive,positive,0.511983335018158,0.015318621,0.47269803,0.51198334
viuggg hang with my life in your help me a lot and then you have any attachments may contain information contained herein including attachments if it would love the way i will have been sent me a new one day i was thinking about my life in your,positive,positive,0.6110403537750244,0.02991184,0.3590478,0.61104035
can't get to work for motorola droid,negative,negative,0.9427302479743958,0.94273025,0.049958993,0.007310773
bad for the aap is hanging,neutral,negative,0.8842484951019287,0.8842485,0.1001358,0.015615782
its really <url> though remove the trial days remaining,positive,neutral,0.56787109375,0.08690752,0.5678711,0.34522134
horrible radar. constant storm alerts with no storms around,negative,negative,0.9485698342323303,0.94856983,0.041689653,0.0097405575
cool idea pain da butt to use then at times wont work <url>,negative,neutral,0.6240920424461365,0.30967164,0.62409204,0.06623631
new update v <number> . <number> crashes all the time,positive,negative,0.9109960198402405,0.910996,0.07677848,0.012225551
"it's okay (at least, freebies now included) <url>",neutral,neutral,0.7714783549308777,0.019251464,0.77147835,0.20927027
only <number> stars since it will not let me delete any files. please fix.,neutral,neutral,0.6371634602546692,0.17921638,0.63716346,0.18362018
does what it is supposed to do and does it well.,positive,positive,0.8697152733802795,0.01807412,0.11221059,0.8697153
"very useful, but has a few annoyances",positive,positive,0.7465065121650696,0.012601281,0.24089217,0.7465065
can't download <url>,negative,negative,0.8073654770851135,0.8073655,0.17596957,0.0166649
"generally a good pdf viewer. i love the reading mode that reflow text and adjust font for better reading experience. the only problem, or i should call it a bug, is that it seems like this mode hates to see <number> letters ""f"" & ""i"" being together. for words like ""find"", ""first"", ""prefix"", etc. you will see only ""nd"", ""rst"", ""prex"", etc.",positive,positive,0.7705618739128113,0.015890377,0.21354774,0.7705619
no support for paid ad-free version,neutral,negative,0.8872973918914795,0.8872974,0.095685795,0.017016824
i like this app,positive,positive,0.8270806670188904,0.03516484,0.13775447,0.82708067
used to use it for studying but after reacent update it won't open. please fix,neutral,negative,0.6817879676818848,0.68178797,0.28164288,0.03656918
last update is a disaster,negative,negative,0.8847227692604065,0.88472277,0.09067436,0.02460284
would be better if emoji's didn't disappear when new ones are added,neutral,neutral,0.6204569935798645,0.02097708,0.620457,0.35856596
good for basic stuff,neutral,positive,0.545782744884491,0.020957466,0.43325973,0.54578274
fun but android needs more options!!,neutral,positive,0.571819543838501,0.014639277,0.4135412,0.57181954
"the usual mediocre bare bone pdf reader from adobe, totally lacking in functionality. repligo reader is better",negative,neutral,0.6986483931541443,0.2005951,0.6986484,0.10075651
stays open in background,negative,neutral,0.715756356716156,0.1261621,0.71575636,0.15808156
it's actually helpful.,positive,neutral,0.5169575214385986,0.014307446,0.5169575,0.46873507
good enough and satisfied result <url> its quite good aap,neutral,positive,0.6880137324333191,0.010763139,0.30122313,0.68801373
why songs are not downloading from the websites. there is always showing error. whenever i download some song. pls fix this bugg,neutral,neutral,0.5426030158996582,0.38929656,0.542603,0.0681004
booking is simple and straight forward.,positive,positive,0.572414755821228,0.03452009,0.3930651,0.57241476
"a really good and practical app, however like every other app it still has room for improvement!",positive,positive,0.8622660040855408,0.010200274,0.1275338,0.862266
excellent pdf viewer rendered unusable by the inability to jump to a page and by the fact that it doesn't remember where you were or bookmarks.,negative,positive,0.5298323035240173,0.02454434,0.44562337,0.5298323
good site but still faceing issue with hotel even we confirm through app,positive,positive,0.536873459815979,0.012307663,0.45081884,0.53687346
it took forever to download,neutral,negative,0.46805357933044434,0.46805358,0.45093578,0.081010684
i've started using the lightroom camera to take all my photos in raw (dng) and i've noticed today that while out at <number> : <number> on <number> / <number> / <number> and taking pictures the time and date stamp on the images says <number> : <number> <number> / <number> / <number> . what's all that about? i can't change it so where does it get it's info from? also the preview does not show the correct colour. it does when using the slider but as soon as i let it go the image reverts back to a almost black and white.,neutral,neutral,0.7186353206634521,0.18627943,0.7186353,0.095085256
it's cute for younger people but i use it some. i'm <number> yrs old.,positive,positive,0.7867090702056885,0.012958448,0.20033254,0.7867091
"i had login throught google + <url> but i changed my mind and wanted to login through <url> so, i logged out !!! now, i cannot login back. the app is going back to registration page with the option to login to facebook !!! please look into the solution for this !",neutral,negative,0.9019196033477783,0.9019196,0.08591977,0.0121606365
please could we have the option to install to sd card. what is the point in having a large sd card if it doesn't even get used,negative,neutral,0.7238186001777649,0.13446094,0.7238186,0.14172044
wont open at all,negative,negative,0.9442945718765259,0.9442946,0.04796871,0.0077367704
good stickers allow users to express better. how come i cannot use bbm calls?,neutral,positive,0.6661266088485718,0.013611127,0.32026222,0.6661266
why pr have no radar????,negative,neutral,0.4610700011253357,0.4436338,0.46107,0.09529616
before it can connect even the signal is weak now it needs more signal to connect,neutral,neutral,0.692493736743927,0.17448834,0.69249374,0.13301794
radar maps are all wrong,negative,negative,0.8966453075408936,0.8966453,0.089892715,0.013461997
it is fast downloading app,positive,positive,0.8601048588752747,0.014224813,0.12567033,0.86010486
make it a zoo or fish tank,positive,positive,0.5784803032875061,0.059168298,0.36235142,0.5784803
waah!!! so nice app,positive,positive,0.7652112245559692,0.014534152,0.22025469,0.7652112
why pay that price for tablet use,negative,negative,0.8013615012168884,0.8013615,0.16440663,0.03423185
good bit doesn't have the choices in search section for type of rooms such as not-smoking or soundproof ones or double-room etc.,positive,neutral,0.786874532699585,0.023582505,0.78687453,0.189543
too slow at times,neutral,neutral,0.7759470343589783,0.12982158,0.77594703,0.094231404
it's very easy to use and all types of format documents easily opened,positive,positive,0.9140291810035706,0.015168401,0.07080246,0.9140292
can not sign in,negative,negative,0.910740315914154,0.9107403,0.07779129,0.011468345
it makes team communication highly open and accessible,positive,positive,0.9272741675376892,0.016805103,0.055920742,0.92727417
when message is being sent it takes time to be received,neutral,neutral,0.7204377055168152,0.17102021,0.7204377,0.10854215
pretty accurate for the most part i think,positive,positive,0.912724494934082,0.011171858,0.076103665,0.9127245
spark is about the only good thing,neutral,neutral,0.5449820160865784,0.08607801,0.544982,0.36893994
broke the upload photo feature,negative,negative,0.775499701499939,0.7754997,0.19896783,0.025532488
best app but suggest download stop,positive,neutral,0.5456530451774597,0.02135721,0.54565305,0.4329897
some hotels are a bit shady,neutral,neutral,0.7785122394561768,0.05199563,0.77851224,0.1694921
its fun to see you're own emoji !,neutral,positive,0.6238256096839905,0.012766513,0.36340782,0.6238256
its not so great as i expected it to be,neutral,neutral,0.8151609897613525,0.04875681,0.815161,0.13608213
keeps going down n the ads r anoying,negative,neutral,0.4911024868488312,0.45926782,0.4911025,0.049629737
it was good enough until i can't change my display picture,negative,neutral,0.687100350856781,0.02840577,0.68710035,0.2844939
it's a trial. editing feature not impressive.,positive,neutral,0.7472440600395203,0.05905968,0.74724406,0.19369629
love it <url> great job <url>,neutral,positive,0.7939842343330383,0.042697266,0.16331847,0.79398423
used to be good,negative,negative,0.7404598593711853,0.74045986,0.23250104,0.02703915
very good and useful app,positive,positive,0.9267416596412659,0.013084816,0.06017348,0.92674166
"the app will no longer let me delete locations. uninstalled, and reinstalled and they are still there. frustrating.",neutral,negative,0.9056938290596008,0.9056938,0.08418854,0.010117551
"buggy, ambigue and less features",negative,neutral,0.7637223601341248,0.15317228,0.76372236,0.08310535
"this has helped my productivity a lot. i've only recently started experiencing issues with it. before, the app used to count extra time i went without using my phone even after the <number> min mark. it was really gratifying to see how much longer i was able to last + it contributed to my forest and my overall focus count. but now it isn't doing that? so it kind of discourages me from continuing to work past the sound of the timer even if i feel like i could. if it's possible, please do something about that.",neutral,neutral,0.5618935823440552,0.028770976,0.5618936,0.40933546
"zooming slow, okay otherwise",neutral,neutral,0.816879391670227,0.038430132,0.8168794,0.1446905
"fix zoom in attached images! it doesn't work first <number> seconds the image open, and for gif it doesn't work at all. and is that tat hard to add rotation you've ""planned to add"" a year ago? where's a font size setting or guesture scale sor chat?",neutral,neutral,0.6713591814041138,0.25748482,0.6713592,0.07115599
when will the local adjustments tool be disponible for android users?? hope it's included on the next actualization !!,positive,neutral,0.4979168176651001,0.04248341,0.49791682,0.4595998
just started using it !,positive,negative,0.9051507711410522,0.9051508,0.08247058,0.012378623
so cute. wish it were easier to access via other apps,positive,positive,0.7743498682975769,0.012955749,0.21269435,0.77434987
really like the way this app has evolved from it's first version. please add android wear notification service asap. its really easy to add and people are badly missing it.,positive,positive,0.8837668299674988,0.015572901,0.10066026,0.88376683
"good on mobile devices ,simply good on move",positive,positive,0.6684165596961975,0.01162172,0.3199617,0.66841656
need to avoid unwanted ads and also enhance the downloading speed. overall nice app.,positive,positive,0.8639106750488281,0.009026713,0.12706262,0.8639107
"i really like this app and is what i go to when i start loosing concentration. i wish there were more stats and plant types, also more beautifully animated and things that change <url>",positive,positive,0.9144955277442932,0.017234977,0.06826952,0.9144955
was <url> now radar broken,negative,negative,0.90804523229599,0.90804523,0.0745053,0.017449453
booking bait and switch,negative,negative,0.9427719712257385,0.942772,0.045340344,0.01188764
this seems like it would be cool,negative,neutral,0.6341738104820251,0.020299857,0.6341738,0.34552625
cannot see my photo's on device,negative,neutral,0.533047080039978,0.4301509,0.5330471,0.036802
so far so good!! i love it.,positive,positive,0.9076645970344543,0.018589327,0.073746055,0.9076646
"such an intrusive browser, coming from china. it can't be trusted with your online activities. indians, be aware.",negative,negative,0.8738635778427124,0.8738636,0.11484343,0.01129292
hi i download this app he is the very good app,positive,positive,0.8651453852653503,0.022852393,0.11200223,0.8651454
where is the download process,positive,neutral,0.594161868095398,0.19769752,0.59416187,0.2081406
brill so easy to use,positive,positive,0.7509375214576721,0.019640695,0.22942176,0.7509375
the app isn't working on the note <number> . i'll update my review if/when it works.,negative,negative,0.6141395568847656,0.61413956,0.35333648,0.032523982
"""you have cancelled your entire <url> ""???",negative,negative,0.927219033241272,0.92721903,0.059302725,0.01347834
it good for local german reports nearly as good as <url>,positive,positive,0.565743088722229,0.017486453,0.41677043,0.5657431
does what i need it to,neutral,positive,0.8230625987052917,0.02603869,0.1508987,0.8230626
it's good for communication,neutral,positive,0.8046053051948547,0.013155203,0.18223953,0.8046053
it sometimes sends the wrong <url>,neutral,neutral,0.5001944899559021,0.4339153,0.5001945,0.0658902
please add the feature of sharpen and blur,neutral,positive,0.5087569952011108,0.026436051,0.46480697,0.508757
notifications aren't working???,positive,neutral,0.5447312593460083,0.36629784,0.54473126,0.088970885
lag while zoom in/out,positive,neutral,0.6989603638648987,0.0934459,0.69896036,0.20759372
had some slowness issues?,positive,neutral,0.7598769068717957,0.05863555,0.7598769,0.18148755
awesome app one of the <signature>,positive,positive,0.917134165763855,0.01620959,0.06665623,0.91713417
it does great and gives accurate weather information,positive,positive,0.9171879887580872,0.013331103,0.06948084,0.917188
bogus . there are several aps much useful,negative,neutral,0.6841108798980713,0.22110012,0.6841109,0.094788946
'no notifications' doesn't work.,negative,negative,0.7631759643554688,0.76317596,0.21623303,0.020591063
great app for managing hotel reservations on the go. it's also nice to earn rewards for frequent stays. i think this is the <signature>,positive,positive,0.9234217405319214,0.012190504,0.0643877,0.92342174
app keeps crashing. unable to open after latest update.,positive,negative,0.9578230977058411,0.9578231,0.034327887,0.007849071
always update but nothing improve,neutral,neutral,0.7802700996398926,0.05333209,0.7802701,0.16639781
"great concept, poor implementation",neutral,negative,0.7236535549163818,0.72365355,0.248537,0.027809458
contact picture not show.,negative,neutral,0.6671344041824341,0.2628754,0.6671344,0.06999023
canon cr <number> support please,neutral,neutral,0.5292409062385559,0.1489716,0.5292409,0.32178748
this thing is a trap! it will take your money,negative,negative,0.95389324426651,0.95389324,0.03720177,0.008905022
"the icon re-design is a tremendous eye-sore more fit to be the face of a pharmaceutical firm, and they didnt put any extra effort into making the app on any of the platforms, leaving gaps in design. no dark mode, no voip, no collapsing the sidebar on ios or windows. i use it because my friends do.",negative,neutral,0.64505934715271,0.2736449,0.64505935,0.08129575
"just need an option to mute notifications (some of us work different timezones and like sleep), other than that it works pretty well!",positive,positive,0.6330229043960571,0.012924354,0.3540528,0.6330229
good for net work download,positive,positive,0.5322835445404053,0.014158491,0.45355794,0.53228354
i want this feature,positive,positive,0.716755747795105,0.03763006,0.2456142,0.71675575
content rating: low maturity,positive,neutral,0.619472324848175,0.31975105,0.6194723,0.06077665
this application doesn't work in my handphone,negative,negative,0.9562625885009766,0.9562626,0.037192505,0.006544929
slack chat is good,positive,neutral,0.6935292482376099,0.032159712,0.69352925,0.274311
i find the user experience superior to other apps.,positive,positive,0.7406483292579651,0.019869812,0.23948184,0.7406483
"great app, needs better ui on reviews",neutral,positive,0.8888850212097168,0.012343146,0.098771825,0.888885
great new camera in-app,positive,positive,0.876750648021698,0.031953294,0.09129602,0.87675065
would be <number> <url>,negative,neutral,0.5432558655738831,0.06839779,0.54325587,0.3883463
it's a good application,neutral,positive,0.7697911858558655,0.010902659,0.21930616,0.7697912
"five star service, two star app",negative,positive,0.6369888186454773,0.110321246,0.2526899,0.6369888
everytime my phone went on sleep it killed the tree and became completely pointless because i would've had to tap my phone every <number> seconds to keep it from locking and killing the tree.,negative,negative,0.9634527564048767,0.96345276,0.0285282,0.008018959
bbm isnt the <signature>,neutral,neutral,0.6465997695922852,0.24179938,0.64659977,0.11160084
can you please give a little speed more on download,neutral,positive,0.6016130447387695,0.024822608,0.3735644,0.60161304
need support for .cr <number> format,positive,neutral,0.7259470224380493,0.07431273,0.725947,0.19974029
"unecessarily complicated and cumbersome. it's so difficult to create new workspaces and move people from one to another. if you don't have someone's email address memorized, good luck! this app has a long way to go to be truly useful every day. in addition to the above, notifications are a bit of a nightmare. i've missed out on a lot of critical messages because notifications just don't work when they need to. i've run out of room for feedback but i could go <url>",negative,neutral,0.7333318591117859,0.17928134,0.73333186,0.0873868
i'm surprised hdr is not supported on the huawei nexus <number> p. i realize it is isn't as new as the pixels but it's still a pretty fast phone.,neutral,neutral,0.5780494213104248,0.025852744,0.5780494,0.39609787
where is the bookmarks?,neutral,neutral,0.4884459674358368,0.36858,0.48844597,0.14297397
"love this app, developers have been brilliant at fixing bugs and the feedback system is great!",neutral,positive,0.8910089731216431,0.02460043,0.084390596,0.891009
i want to give this app <number> <url>,negative,negative,0.7627409100532532,0.7627409,0.19147067,0.04578844
cant even sign in or sign up,negative,negative,0.9612271189689636,0.9612271,0.03126314,0.0075096623
"very nice weather app. would like to see more detail on air quality, pollen, etc",positive,positive,0.9105362296104431,0.011397533,0.07806623,0.9105362
simple to use. nice option to search via map,positive,positive,0.8544068932533264,0.010406175,0.13518691,0.8544069
what a huge step backwards for useability.,negative,positive,0.7119846940040588,0.04411363,0.2439017,0.7119847
it is what it is!,neutral,positive,0.48133012652397156,0.13676906,0.38190076,0.48133013
"+pinch zoom, +++reflow text, --render speed on scroll, ---should find all pdf including dowloaded by browser, --no search, ---no images in reflow",negative,negative,0.781416654586792,0.78141665,0.19804345,0.020539876
this app keeps killing my tree whenever i off my <url> this is so bad. i ended up kore time restarting the timer.,negative,negative,0.9539482593536377,0.95394826,0.03849637,0.007555374
website offers better and more search options.,negative,positive,0.6157833933830261,0.040444534,0.34377202,0.6157834
i love this browser,positive,positive,0.7891091108322144,0.068277605,0.14261325,0.7891091
not always perfectly accurate. i like the hourly forecast.,positive,positive,0.5854194164276123,0.021693554,0.39288706,0.5854194
mobile notifications not working,neutral,negative,0.6235113143920898,0.6235113,0.33855715,0.037931602
cannot unlock password protected ebooks. can't even interact with links or buttons. worthless for password protected ebooks.,negative,negative,0.9635900259017944,0.96359,0.02846592,0.007944051
this app is an nice good for everything i need but they are problems u must fix,positive,positive,0.7305260300636292,0.011764568,0.25770935,0.73052603
getting worse than before,neutral,negative,0.5854266881942749,0.5854267,0.36808914,0.04648418
it's easier and efficient,positive,positive,0.7957466244697571,0.014347898,0.18990552,0.7957466
"what the mobile developers do not understand is: do not ever ever change the application icon! the icon shape and color are used to quickly identify an app between other dozen apps. that's how the brain works! moreover, an update only for the app icon? where is the video recording option? i use slack daily (it's the main chat / video conferencing solution where i work) and you can simply cannot record meetings!",negative,negative,0.6462852954864502,0.6462853,0.3192208,0.03449388
"cute and accurate, but no long hair",neutral,positive,0.7966191172599792,0.012650563,0.1907303,0.7966191
used to work. not anymore,negative,negative,0.9207712411880493,0.92077124,0.06918978,0.01003892
an outstanding way of communication with the team.,positive,positive,0.9344260692596436,0.015058316,0.050515648,0.93442607
internet is better than this because,neutral,neutral,0.5730630159378052,0.09387612,0.573063,0.3330608
"sucks. force close, pdf never opens. htc hero.",negative,negative,0.9644669890403748,0.964467,0.027784634,0.0077483645
"i like it just wish tht we had more choices for the avatar and the body shapes were more womenly, besides that i think it's great!",neutral,positive,0.866044819355011,0.012332266,0.12162292,0.8660448
was great when it worked,negative,negative,0.5010260939598083,0.5010261,0.42405412,0.074919775
update has ruined functionality. now difficult to search rooms for <number> people etc. terrible terrible terrible!,negative,negative,0.9624907374382019,0.96249074,0.028440807,0.009068524
would like it better if you could use this app in fb <url>,neutral,neutral,0.5590023994445801,0.023252204,0.5590024,0.41774535
great app with potential.,positive,positive,0.9222544431686401,0.015191521,0.06255404,0.92225444
handles small pdf files really well. needs bookmarks.,neutral,neutral,0.5969848036766052,0.026371723,0.5969848,0.37664342
why not a mobile web version ??!!?!,negative,neutral,0.5322813391685486,0.35945323,0.53228134,0.10826544
"i love this app, the ui is nice and smooth, no bugs what-so-ever, and it knows when i press the home button and enter another app. (turn on advanced something in the settings) looks very smooth, and it works as it should! the problem is, i can't lock my phone without killing the tree, and it wastes the battery. that's pretty much my only complaint! (i'm fairly new to the app, and i heard that when your forest gets full, that you can't put in anymore trees. if so, please let the forest expand as well.)",positive,positive,0.8361481428146362,0.016847396,0.14700449,0.83614814
i was addicted to game and other stuff my personal work ratio was too down and this app really help <url> !,positive,positive,0.4592396914958954,0.122593656,0.4181667,0.4592397
stuck in update mode,negative,negative,0.6775436401367188,0.67754364,0.2832649,0.039191447
while downloading music it goes to play store .,neutral,neutral,0.5636507272720337,0.37892026,0.5636507,0.057429023
can't append it to sd card when updated in htc wildfire,negative,negative,0.5100275874137878,0.5100276,0.4570822,0.03289029
free emoticons are <url> good,neutral,neutral,0.5894683599472046,0.02216514,0.58946836,0.3883665
"i could plant the tree while watching youtube , no different than clash of clans",negative,neutral,0.6107566952705383,0.26144087,0.6107567,0.12780245
bbm cant connect properly,negative,negative,0.6646061539649963,0.66460615,0.3052074,0.030186499
"it would be cooler if you could mix and match the pants, shoes, shirts, jackets, etc. instead of having to choose from predetermined outfits. i want to make my own outfit!",positive,positive,0.5583775043487549,0.017029382,0.42459315,0.5583775
"works fine, too many ads",positive,neutral,0.6752780079841614,0.044709325,0.675278,0.2800127
they okay good on the <number> day forecast.!,neutral,positive,0.6163978576660156,0.012018471,0.3715836,0.61639786
"when it works, it's good. but far too many crashes on my galaxy tab s <number> .",neutral,neutral,0.6518211960792542,0.012920746,0.6518212,0.33525804
terrible it now no longer works the way it used to. it was the <signature>,negative,negative,0.9630456566810608,0.96304566,0.029216377,0.007738012
push notifications not reliable,positive,neutral,0.7562981247901917,0.12477913,0.7562981,0.11892269
went out and can't access it ny more. what happened. says i have <number> go thru fb or my email and i have <number> sign up and in wen i've been using it <number> the past <number> months. what happened!,neutral,negative,0.9372455477714539,0.93724555,0.055330917,0.007423618
to set a profile picture is very frustrating as the current set up/method cuts out most of the picture. this really should be adjusted.,neutral,neutral,0.7383606433868408,0.17656821,0.73836064,0.08507114
i liked <url> this is very useful,positive,positive,0.7289372086524963,0.026120543,0.24494219,0.7289372
if your not using this to book your loosing out,neutral,negative,0.7337251901626587,0.7337252,0.21915025,0.04712458
"the app keeps asking me to rate it despite me constantly telling it ""no"" so i'm rating it <number> star out of spite and partially because they don't actually follow the choices they give you.",negative,neutral,0.5410180687904358,0.3876975,0.54101807,0.07128442
"uc browser is a fantastic browser application. the team behind the creation of this application have all done a wonderful job. keep it up as you continue to improve upon this great application. however, i wish to suggest that option to be able to send applications in speed mode { facebook, twitter etc} to phone desktop/home screen be incorporated into this application. secondly, make it possible to be able to select and set desired audio file as alert tones for applications like facebook etc. we therefore look forward to seeing these options in your next update sir. <signature>",neutral,positive,0.8895810842514038,0.015841747,0.094577186,0.8895811
"battery drain, battery drain, battery drain",negative,negative,0.7601068019866943,0.7601068,0.216393,0.02350014
won't open raw files,negative,negative,0.9200870990753174,0.9200871,0.069901794,0.010011062
force closes on samsung moment w/android v <number> . <number>,negative,negative,0.8065845966339111,0.8065846,0.15725727,0.03615809
not as good as desktop app .too slow while navigaring to different channels amd personal chats.,neutral,neutral,0.6676894426345825,0.27782512,0.66768944,0.05448539
weather is nice and shows precipitation also,positive,positive,0.6745575070381165,0.01409241,0.31135008,0.6745575
"won't let me add locations, other than that, works well.",neutral,neutral,0.8028177618980408,0.075601935,0.80281776,0.12158034
note <number> <url> of nov <number> th.,negative,neutral,0.5381179451942444,0.26467806,0.53811795,0.19720401
rooms sold not always available,neutral,neutral,0.5295484066009521,0.38686895,0.5295484,0.08358268
please add a feature!,neutral,positive,0.5615348815917969,0.032365203,0.40609986,0.5615349
so many ads r coming i hate this app,negative,negative,0.9564267992973328,0.9564268,0.036150537,0.0074227615
it does what it's supposed to.,positive,neutral,0.5735331177711487,0.050272755,0.5735331,0.37619412
it really sucks that disabling wysisyg in the settings does not work. i want my input freedom.,negative,negative,0.8017459511756897,0.80174595,0.17997426,0.018279813
it's a decent app,positive,neutral,0.6460598111152649,0.01714203,0.6460598,0.33679813
have issue on redmi note <number>,neutral,neutral,0.6007421612739563,0.2918267,0.60074216,0.10743115
"i would give it <number> , but it keeps stopping when converting text to pdf",positive,neutral,0.7151929140090942,0.057885174,0.7151929,0.22692187
very good for me,positive,positive,0.9072946906089783,0.014430948,0.07827439,0.9072947
"app whitelisting doesn't work, everything works fine when whitelisting is turned off (tree withers when i exit the app) but when it's on, i can access any app without the tree dying, not just the whitelisted ones. i've also turned on the advanced detection mode, does not help.",neutral,neutral,0.8096116185188293,0.100174636,0.8096116,0.09021368
"this ""use"" to be the greatest weather app right up until <url> latest update froze radar animation and i don't get alerts until i open the app. deleting and going to find a better app.",negative,negative,0.6570132970809937,0.6570133,0.27410138,0.068885304
"it does its job, but asking each time to rate the app is infuriating",neutral,neutral,0.7647539377212524,0.107589,0.76475394,0.12765706
my weatherbug now tells me im <number> towns away. reported <url> they told me i was dumb basically.,negative,negative,0.8856955170631409,0.8856955,0.09971242,0.014592126
crude humor supports the deteriorating morals of society. not acceptable,negative,negative,0.5593387484550476,0.55933875,0.40229777,0.03836348
after installed the browser <url> phone will hang and some unwanted program to be automatically <url> will affect on <url>,negative,negative,0.9135462045669556,0.9135462,0.074500464,0.011953334
some update or something makes this wonderful app crash. please remedy the issue!!!,neutral,positive,0.4883698523044586,0.08410176,0.42752832,0.48836985
love it but easy on the ads pls,positive,positive,0.8376922011375427,0.014888172,0.14741962,0.8376922
"for all those whose trees are not withering, turn off whitelist mode",neutral,neutral,0.45039698481559753,0.38387588,0.45039698,0.1657271
"i really enjoy this app, it's been quite helpful. however, though it counts the time you exceed the preset goal you don't get any extra trees/bushes. this means that i sometimes go over my time focus goal, but only see one lonely tree for my efforts. good bit of a bummer. otherwise, love the app.",positive,positive,0.8915458917617798,0.0111929625,0.0972611,0.8915459
not as accurate at weather channel but i like that i can choose the radar location.,positive,positive,0.7297378182411194,0.0133118,0.25695035,0.7297378
i prefer the blackberry version to the android version. or maybe i've not discovered all the tricks here.,neutral,neutral,0.5348634719848633,0.048852745,0.5348635,0.41628385
great! so much potential!,positive,positive,0.9027737379074097,0.022553654,0.074672535,0.90277374
can't use bbm after update,negative,negative,0.5315508246421814,0.5315508,0.42850405,0.039945073
on getting the latest update the app stopped working all of a sudden. i use samsung galaxy s <number> . please see what has gone wrong. i tried reinstalling the app too. didn't work.,negative,negative,0.8631098866462708,0.8631099,0.121170424,0.015719716
very very slow even on nexus one,negative,negative,0.8628537654876709,0.86285377,0.122685865,0.014460385
like the old version better,positive,neutral,0.6062213778495789,0.030087307,0.6062214,0.36369127
stop asking me to rate every time i launch the app.,negative,negative,0.7357538938522339,0.7357539,0.23127803,0.03296816
lots of force closes on galaxy s.,negative,negative,0.7252402305603027,0.72524023,0.24288166,0.03187812
needs more of the core lightroom features,neutral,neutral,0.6645801067352295,0.03049512,0.6645801,0.3049248
"great app, just a few things that need addressed. i can no longer ""purchase"" additional trees and i have the $. it says forbidden after taking a while to load. i've uninstalled and reinstalled, running on the most current app and android os <number> . <number> , droid turbo <number> .",neutral,positive,0.8196317553520203,0.028235039,0.15213321,0.81963176
please add live radar widget!,positive,negative,0.7214363217353821,0.7214363,0.22694243,0.051621232
can't quickly link to specific page or bookmark. sucks. quick office is much better for reading pdfs.,negative,negative,0.9381024837493896,0.9381025,0.05380114,0.008096463
it dose not let you do anything,negative,negative,0.7045645713806152,0.7045646,0.26289415,0.03254126
hourly doesn't match the <number> day,neutral,negative,0.6057703495025635,0.60577035,0.36494896,0.029280696
it's a good app,positive,positive,0.6707803606987,0.010823482,0.31839618,0.67078036
good app edit picture,positive,positive,0.6223522424697876,0.013309124,0.36433864,0.62235224
can't bookmark the page! it's hard to read an e-book and remember the page number. i will delete.,negative,negative,0.5939709544181824,0.59397095,0.38108143,0.024947584
use for fast download,positive,positive,0.635995626449585,0.028078666,0.3359257,0.6359956
used to be the <signature>,negative,negative,0.7377117276191711,0.7377117,0.23644823,0.025840001
better than most. quick and easy,positive,positive,0.9156961441040039,0.011852655,0.072451204,0.91569614
"not fast in sending and receiving messages, the app needs to be worked on.",negative,neutral,0.6817424893379211,0.25906414,0.6817425,0.059193317
local adjustment not appearing,positive,neutral,0.7569639682769775,0.06501052,0.75696397,0.17802553
used to be great,negative,negative,0.8175669312477112,0.81756693,0.16285251,0.019580545
just got it <url> fingers crossed,neutral,neutral,0.4904489815235138,0.26269695,0.49044898,0.24685399
best pic editing <url>,positive,positive,0.8114025592803955,0.02368777,0.16490969,0.81140256
no bookmark or jump page. doesnt remember where i was when closed,negative,negative,0.8620932698249817,0.86209327,0.1261961,0.011710655
"good. only complaint is that sometimes the location on my lock screen is not my current location, but a random one from my saved places.",positive,positive,0.5369831323623657,0.009862353,0.45315453,0.53698313
for the older version,neutral,neutral,0.5035789012908936,0.2949483,0.5035789,0.20147282
"this app is pretty good, but i wish i could use this in my normal keyboard and i hope that it will be animated and have a transparent background",positive,positive,0.7004735469818115,0.010818512,0.2887079,0.70047355
it's very accurate and good,positive,positive,0.893774688243866,0.011419359,0.09480597,0.8937747
loved it till i got a new phone,negative,neutral,0.513461172580719,0.4000764,0.5134612,0.08646249
works ok but crashes when i rotate my archos <number> .,neutral,neutral,0.8393504619598389,0.06746123,0.83935046,0.09318826
bloats <number> megs needs to be movable to <url>,negative,negative,0.4839979410171509,0.48399794,0.45945993,0.056542046
shares the way it wants without permission,negative,neutral,0.6478358507156372,0.21122672,0.64783585,0.14093743
external storage for cache,neutral,neutral,0.6595784425735474,0.10422829,0.65957844,0.23619324
the radar map is practically useless now,negative,negative,0.9612442255020142,0.9612442,0.029236972,0.009518854
will not select the correct current location.,negative,neutral,0.6716898679733276,0.2644126,0.67168987,0.06389748
cant edit my avatar and cant log in!!,negative,negative,0.9513758420944214,0.95137584,0.042289156,0.0063349972
this is worse than what we call pathetic when it comes to mobile app.,negative,negative,0.9613141417503357,0.96131414,0.031082928,0.0076029627
updated to make it worst,negative,negative,0.942623496055603,0.9426235,0.04615887,0.011217632
the trees do not die when i leave the app which is what the app was supposed to do should i have left the app to use other apps like ig or youtube,negative,negative,0.6933400630950928,0.69334006,0.25964406,0.04701585
new version is a major step back,negative,positive,0.5787878036499023,0.08365655,0.33755568,0.5787878
awesome and secure app,positive,positive,0.9178192019462585,0.018702755,0.063478,0.9178192
awful app. really awful.,negative,negative,0.96147620677948,0.9614762,0.030106138,0.008417542
would rate <number> <url>,negative,neutral,0.6984224915504456,0.09040034,0.6984225,0.21117713
"makes an incredibly annoying and loud clicking sound through the speakers whenever you take a photo, with no ability to disable it.",neutral,negative,0.5107967257499695,0.5107967,0.44132784,0.047875434
it's nice but some problems r there,neutral,positive,0.5056862831115723,0.0105727585,0.48374093,0.5056863
have used it for years,positive,positive,0.7247606515884399,0.08070475,0.19453458,0.72476065
hope it supports split screen,positive,positive,0.49019694328308105,0.023375133,0.4864279,0.49019694
good app to <url> i alwayz prefer uc browser to <url>,positive,neutral,0.5959680676460266,0.022927932,0.59596807,0.38110405
some issues but otherwise excellent,positive,positive,0.7219647169113159,0.00946744,0.2685678,0.7219647
"this app is great, allows you to edit raw files, and almost has all the same options as a desktop/laptop version. the only thing i would really love to see is a brush setting, really all it needs for <number> stars in my books!",positive,positive,0.8939972519874573,0.015099713,0.09090302,0.89399725
basic stuff done well,neutral,positive,0.6318780779838562,0.031834457,0.33628747,0.6318781
unfriendly to free users,negative,negative,0.9459545612335205,0.94595456,0.047047473,0.006997978
crashed my phone twice in a row doing nothing more then trying to read a <url>,negative,negative,0.938527524471283,0.9385275,0.052705552,0.00876685
has become unreliable and very inaccurate. loved it and now will get rid of because of terrible forecasts.,negative,negative,0.9562086462974548,0.95620865,0.03692385,0.0068675308
still no group contacts like old bbm,negative,neutral,0.6843451857566833,0.16830969,0.6843452,0.1473451
"slow loading, double notifications",neutral,neutral,0.6143580079078674,0.30393577,0.614358,0.08170627
i love this app but sometimes it is really lagging.,positive,neutral,0.5407149791717529,0.039240506,0.540715,0.42004448
freezes when opening pdfs. useless. root droid <number> . <number>,negative,negative,0.9614366888999939,0.9614367,0.030855447,0.007707919
"really nice app ,with grt way to analyse yr productivity",positive,positive,0.8736063838005066,0.010549428,0.11584419,0.8736064
great but one major problem,positive,positive,0.8402068018913269,0.019377617,0.14041558,0.8402068
this program needs to be able to jump to specific pages in the pdf. i have a <number> page set of blueprints in need to access multiple times daily. fix,negative,neutral,0.5976129770278931,0.3162918,0.597613,0.0860952
something went wrong before i could access this app. immediately <url> viruses needed.,negative,negative,0.7723732590675354,0.77237326,0.20109303,0.026533589
last update problem when search number adults,negative,neutral,0.6500378847122192,0.2270882,0.6500379,0.12287391
very good app very easy,positive,positive,0.9247931241989136,0.014002031,0.061204888,0.9247931
it's good app and doesn't contain virus,positive,neutral,0.6012049913406372,0.013109726,0.601205,0.38568527
please add widgets for slack,positive,positive,0.5234378576278687,0.03744446,0.4391177,0.52343786
add hdr support for htc <number> please!,neutral,positive,0.5205504298210144,0.033316497,0.44613308,0.52055043
"suddenly it's killing all my trees it's was working perfectly, but now i keep getting a ""unknown app'",negative,neutral,0.6858329772949219,0.19711056,0.685833,0.11705655
well <url> you need access to my files and my camera ? looks like an insecure joke. i 'll install once we are back to serious.,negative,neutral,0.6947771906852722,0.14161624,0.6947772,0.16360648
this app is <url> not as expected,negative,negative,0.5104488134384155,0.5104488,0.40688306,0.08266815
please add remind me option,neutral,positive,0.8035786151885986,0.01995533,0.17646602,0.8035786
"original user interface, very usable.",positive,neutral,0.70967698097229,0.10570307,0.709677,0.18462
i use this site for booking over night stays when going on holiday. good hotel and great staff.,positive,positive,0.930248498916626,0.015299572,0.054451965,0.9302485
can't access my account,negative,negative,0.9480641484260559,0.94806415,0.045439288,0.0064966027
very useful to find non-chain hotels--saving lots of money when all you need is a clean room and a servicable bed.,positive,positive,0.9252315163612366,0.012594858,0.062173612,0.9252315
"love it, something for almost every occasion!",positive,positive,0.9144583344459534,0.025685573,0.05985608,0.91445833
doesn't format text correctly,neutral,neutral,0.5477309823036194,0.4069106,0.547731,0.045358412
"despite all these new pdf readers, this app provides very good benefits",positive,positive,0.849822998046875,0.013653353,0.13652363,0.849823
love it but hate it,neutral,neutral,0.5801617503166199,0.13658598,0.58016175,0.2832523
great application. efficient way to browse and book accommodation.,neutral,positive,0.9269574284553528,0.01323898,0.059803538,0.9269574
great mutch eadier than website. quick and convenient,positive,positive,0.880823016166687,0.012915105,0.1062619,0.880823
excellent. not needing any permissions is cool.,neutral,positive,0.8192341327667236,0.009396216,0.17136964,0.81923413
"works pretty good, nice to finally have this on android.",positive,positive,0.8982408046722412,0.009624906,0.0921343,0.8982408
to boring and to many adds,negative,neutral,0.6718053221702576,0.22239591,0.6718053,0.105798796
reply from notification and remove bbm channels,neutral,neutral,0.4960264563560486,0.37521052,0.49602646,0.12876298
love the app but current temperature doesn't stay in the notification bar even though i have it set to go the settings. please fix. i have to constantly open the app for current temp.,positive,positive,0.6472965478897095,0.02685263,0.3258508,0.64729655
i like it . works great,neutral,positive,0.9194528460502625,0.01751663,0.06303056,0.91945285
it's good for documents viewings and managing.,positive,positive,0.7455496191978455,0.013462943,0.24098751,0.7455496
it's good but not too much <url> it's working well,positive,neutral,0.617136538028717,0.013979078,0.61713654,0.36888435
pic porn on ads,negative,negative,0.847800076007843,0.8478001,0.13483481,0.017365089
dope! i wish there was a batch deletion feature.,positive,negative,0.5723395943641663,0.5723396,0.38244265,0.04521776
"worked great for years but now it double posts everything i send on my chromebook. love it on every other <url> iphone, mac. i hope this is fixed in the next <url> !",neutral,positive,0.7772471904754639,0.049147733,0.17360505,0.7772472
"sering error, but it's fine. still working",positive,neutral,0.5895835757255554,0.018645072,0.5895836,0.3917714
full of bugs. i can claim the reward but my coins doesn't increase at all????,negative,negative,0.7592341899871826,0.7592342,0.21785289,0.022912838
reliable when signal is good,positive,positive,0.6271395683288574,0.01271707,0.36014336,0.62713957
love it and hate it.,neutral,negative,0.8704422116279602,0.8704422,0.10284516,0.026712697
would be good if you could delete after finished!,neutral,neutral,0.6583059430122375,0.017156746,0.65830594,0.3245373
works for me. only one i ever use.,positive,positive,0.7810549139976501,0.05269831,0.16624671,0.7810549
error <url> do not work. i'm having <number> . <number> . <number> <url> still not working .,negative,negative,0.9431623816490173,0.9431624,0.048568163,0.008269395
it is very good but it needs more options on the facial features and the body motifications,positive,positive,0.8017413020133972,0.010322653,0.18793604,0.8017413
takes up <number> percent of the <url> saves everything u <url> good for a <url> have motorola droid.,negative,neutral,0.5652061700820923,0.3465626,0.56520617,0.088231266
nice <url> was using this <url> information for news and latest updates,neutral,positive,0.7390612959861755,0.016799161,0.24413952,0.7390613
"the whitelist doesn't <url> no matter what i do, my tree dies.",neutral,negative,0.6880399584770203,0.68803996,0.27233464,0.039625335
"good app, but lacking android wear (and thus pebble) support. i prefer google hangouts to slack because of this missing functionality.",neutral,neutral,0.7311689257621765,0.018787086,0.7311689,0.25004396
great but too much phone access,neutral,positive,0.8224871158599854,0.014820037,0.1626928,0.8224871
if you can't offer better pricing you're useless,negative,negative,0.9607953429222107,0.96079534,0.030033546,0.009171116
seriously your ad blocker never works everytime i go to movies site pop up ads pop ups every second very irritating don't <url> u will never get good surfing experience,negative,negative,0.9072128534317017,0.90721285,0.08092725,0.011859845
minimize category and bbm group user friendly,positive,neutral,0.49896976351737976,0.040520873,0.49896976,0.46050933
it doesn't save the last page you were on. it's annoying.,neutral,neutral,0.7425721883773804,0.19535984,0.7425722,0.06206789
please add something which shows you how long you've worked for each day and maybe a graph for comparing different working times,neutral,positive,0.7611244320869446,0.019500863,0.21937472,0.76112443
not bad better than other,positive,neutral,0.6301961541175842,0.026689783,0.63019615,0.34311405
i like the radar and spark. i work outside so that helps. the temp though? <url> but i guess that's what you get when trying to predict the actions of the most volatile woman in existence. mother nature of course.,neutral,positive,0.7866833806037903,0.021283397,0.1920332,0.7866834
why it is asking to download uc browser when i am going to download song and i don't want to download uc browser,negative,negative,0.7306373119354248,0.7306373,0.2368819,0.032480773
"awesome app!! it helps me a <url> i think it will be better if it had a <url> like we can time when it will start <url> sometimes i like to use my phone a lot. like before bed or using my phone at <url> smting like that. if you had the timer, we can set our work time so we would not play phones at certain <url> but still this app is great!!",positive,positive,0.8725845217704773,0.012899413,0.11451608,0.8725845
good app but <url>,neutral,neutral,0.678689181804657,0.017126681,0.6786892,0.30418417
does the job it aims to do,neutral,positive,0.8433297872543335,0.025631804,0.13103838,0.8433298
ridiculous. why the hell i cannot move it to memory card?,negative,negative,0.9610074162483215,0.9610074,0.03154124,0.0074513233
download error problem network gone after network connected again donwload doesn't resume,neutral,negative,0.7499343156814575,0.7499343,0.21981065,0.030254984
"i would give this app more stars if it weren't for the inability to get an overview of the total number of hours sunk into each tag rather than just a percentage, extend the amount of time you want on the fly and to filter by multiple tags vs either only one or all at the moment.",neutral,positive,0.7081980109214783,0.018692914,0.27310908,0.708198
"its cool, i love it",neutral,positive,0.7586522102355957,0.018434308,0.22291347,0.7586522
warning. bad apps. this apps cheat ur money on cancelation,negative,negative,0.9631749987602234,0.963175,0.030152334,0.0066726147
please fix!! then <number> stars,negative,negative,0.5189718008041382,0.5189718,0.3888738,0.09215444
it's ok this apps,positive,neutral,0.7439967393875122,0.016419286,0.74399674,0.23958398
please add support for links inside pdf! great app but i really miss that feature!!,neutral,positive,0.8900840878486633,0.013941506,0.095974475,0.8900841
weatherbug was better <number> years back than it is now. i do not like the last few updates. the maps not as good especially showing cloud cover with storms or without. the layers is really sib par from the way it was. now for the last <number> days its shutting down for no reason,neutral,neutral,0.5703414678573608,0.3655232,0.57034147,0.06413532
uc helpful but it's have many bad <url>,positive,neutral,0.6654914617538452,0.020611955,0.66549146,0.31389657
it tells me what i need to know,positive,positive,0.7757347822189331,0.023993917,0.20027134,0.7757348
addicted to phone? this is the app,positive,negative,0.9579353332519531,0.95793533,0.03382498,0.008239729
works well but beware the enormous memory use for data. if this could be stored on sd card then i would give <number> stars. as it is may have to uninstall.,neutral,neutral,0.7688072919845581,0.03277255,0.7688073,0.19842009
nice app for viewing documents!!! have been using it since many years!,positive,positive,0.9083399176597595,0.011112223,0.08054787,0.9083399
doesn't have a logout option,positive,neutral,0.592472493648529,0.35733047,0.5924725,0.050196998
enlarge capacity for sending video,neutral,neutral,0.6019643545150757,0.0710007,0.60196435,0.32703495
"it needs to have color, hairstyles and have character friends we pick on the lists to be in emojis too. plus can we have clothes come from video games and movies. plz",positive,positive,0.6218178868293762,0.02402065,0.3541615,0.6218179
excellent considering all i want is pdf reader. but confused why such a basic thing like bookmarks is missing! the page nav good but never accurate,neutral,neutral,0.5888634324073792,0.017789796,0.58886343,0.3933468
very funny! it crashes in my s <number> edge+,negative,neutral,0.5931625366210938,0.21715309,0.59316254,0.18968435
cant book in alantic city nj,negative,negative,0.6557600498199463,0.65576005,0.3151002,0.029139755
learnt about it hope it is going to be <url>,neutral,positive,0.5417077541351318,0.084870346,0.37342194,0.54170775
i think it is cool because you can use it for anything and could make stories etc.,positive,positive,0.7259161472320557,0.01295802,0.2611258,0.72591615
"so powerful, yet so limited.",neutral,neutral,0.728293240070343,0.086577944,0.72829324,0.18512882
i really like this app. have a lot of fun with it when i send text messages. haven't had any problems with it.,neutral,positive,0.9167912602424622,0.016367817,0.0668409,0.91679126
new icon is really lame. looks like google <url> hahaha. binit,negative,negative,0.91798996925354,0.91798997,0.070933886,0.011076104
easy and convenient to use,positive,positive,0.9156609177589417,0.011873921,0.07246519,0.9156609
holy data <url> people please!,negative,neutral,0.40167441964149475,0.29389095,0.40167442,0.30443457
screw you slack for arbitrarily forcing everyone on mobile to download this utterly superfluous client while your services run well in browser.,negative,negative,0.9587993025779724,0.9587993,0.032167967,0.009032733
sometime. . force close hard launch,neutral,neutral,0.7286190390586853,0.099745296,0.72861904,0.17163564
"slow, and hang when zoom",negative,neutral,0.5089936256408691,0.43716013,0.5089936,0.05384626
"the app is really good. i find it really fun but i suggest that you guys add piercings, birthmarks, beauty marks and things like that, maybe even allow more then two bitmoji characters. other than that, the app is really good",positive,positive,0.7927776575088501,0.010112885,0.19710948,0.79277766
"would pay extra to get the ads to go away. otherwise, very good.",neutral,positive,0.7644516229629517,0.010921889,0.2246265,0.7644516
beware making fool and cheating beware,negative,negative,0.9613444209098816,0.9613444,0.030538877,0.008116613
what happened to the paid version?,negative,negative,0.9131033420562744,0.91310334,0.07304015,0.013856572
good <number> st version - htc one m <number>,positive,positive,0.4946760833263397,0.014833524,0.49049035,0.49467608
great app use it to store music in,positive,positive,0.9236177802085876,0.018448967,0.057933245,0.9236178
"could use a bit of <url> other than that, great concept and idea!",neutral,positive,0.5424997210502625,0.024611736,0.4328885,0.5424997
more customizable than the other guy but not as complete as i'd like,positive,neutral,0.5902583599090576,0.023501929,0.59025836,0.38623965
"i always like this app since i used my old curve. but the ads kill me, hahahaha.",positive,neutral,0.5507323741912842,0.24007906,0.5507324,0.20918855
"what a crappy app. rim can do much betta than this. wanted to give it a zero star but that option ain't available, i wonder why.",negative,negative,0.9284800291061401,0.92848,0.062140964,0.00937896
it's a good app . it saved my mobile from getting virus into my mobile,positive,positive,0.7246484160423279,0.0107340515,0.2646176,0.7246484
it's really nice !!!,neutral,positive,0.7681540846824646,0.011008977,0.22083692,0.7681541
"the prices are super high. like,the great <url> a billionaire could pay, but they would be poor afterwards. don't use!",negative,negative,0.7534828186035156,0.7534828,0.219144,0.027373236
"great local forecast, maybe because i live near their headquarters. it works great when i travels as well.",positive,positive,0.9134535193443298,0.013603947,0.07294258,0.9134535
not very compatible with pomodoro technique,neutral,neutral,0.6933794617652893,0.21191104,0.69337946,0.09470955
very useful and reliable app. documents are available offline which i find very convenient,positive,positive,0.9329732656478882,0.014072074,0.052954663,0.93297327
too many ads! hate it,negative,negative,0.9553192853927612,0.9553193,0.037513204,0.0071676006
good but i don't like this app becouse of that annoying ads please remove this <url>,negative,neutral,0.745401918888092,0.025048736,0.7454019,0.22954932
improve android app please,neutral,neutral,0.5102446675300598,0.04817106,0.51024467,0.4415843
not happy over my profile picture,neutral,negative,0.7441086173057556,0.7441086,0.22777942,0.028112045
foxit reader is more convenient,positive,neutral,0.5733059644699097,0.030239694,0.57330596,0.3964543
"cute, simple and motivating!",positive,positive,0.9253803491592407,0.013732092,0.060887508,0.92538035
good but could be better,positive,neutral,0.6946554780006409,0.018235683,0.6946555,0.2871088
"one of the essential apps, but imperfectly realized in android",positive,neutral,0.5874485969543457,0.11726815,0.5874486,0.29528323
like it but too much ads,positive,neutral,0.727841317653656,0.033167094,0.7278413,0.23899153
still very lame. can't open pdfs that are image scans. cmon adobe. really?,negative,negative,0.9434875249862671,0.9434875,0.047734104,0.0087784
"after unable to launch get fixed in the update last night, all my past <number> days history is gone <url> all my lemon <url> this how the developer improve performance? very <url>",negative,negative,0.6167855858802795,0.6167856,0.28983933,0.09337512
you better call it off. useless.,negative,negative,0.9601146578788757,0.96011466,0.029223066,0.0106622735
as good as the web version,positive,positive,0.5322995781898499,0.014653644,0.45304674,0.5322996
just updated bbm and all of my chat history disappeared! need a way to restore it. pls fix it.,neutral,negative,0.9148707389831543,0.91487074,0.074106224,0.011022971
<salutation> can't even open password protected files. waste of time and memory,negative,negative,0.9642648100852966,0.9642648,0.02802004,0.00771518
i dont understand this ap,neutral,negative,0.903265655040741,0.90326566,0.08380817,0.012926151
its a very good app,positive,positive,0.7830968499183655,0.011850786,0.20505235,0.78309685
good website for hotels. plenty of options and many with free cancellation.,positive,positive,0.8855021595954895,0.009722928,0.10477494,0.88550216
bad very very bad. in all website you have ads <url> is <url> <url> bad things <url> <url>,negative,negative,0.9569428563117981,0.95694286,0.03527231,0.0077848104
claims app <number> sd but <url> no option to move from phone to sd card. it's a <number> +mb app. htc di <number> . <number>,neutral,neutral,0.5901399850845337,0.35155034,0.59014,0.058309667
"unnecessary app, please kill it.",negative,negative,0.9469383955001831,0.9469384,0.043352414,0.009709237
my favorite way to communicate,positive,positive,0.9035757184028625,0.021759752,0.074664585,0.9035757
quickly opens up the pdf <url> and very user friendly,positive,positive,0.8741349577903748,0.016985072,0.108880036,0.87413496
force closed after update,neutral,negative,0.8809304237365723,0.8809304,0.091625385,0.027444236
this app is nice for safe <url>,neutral,positive,0.5526007413864136,0.015132354,0.43226692,0.55260074
brings so much important info to my phone in an easy to use format.,positive,positive,0.9171571135520935,0.016108302,0.066734575,0.9171571
very nice and helpful app,positive,positive,0.92983078956604,0.013095769,0.057073414,0.9298308
don't send fake news,neutral,negative,0.8406962156295776,0.8406962,0.13695869,0.022345094
it asks for login every time i start it and that is very annoying. on my ipad it does not behave that way.,neutral,negative,0.6913006901741028,0.6913007,0.28515217,0.023547158
update <url> bisa copy comment di picture group <url> info bagaimana cara copy coment nya?,negative,neutral,0.45522812008857727,0.36857885,0.45522812,0.17619301
"good so far on phone, afraid to install on laptop, had a older version that wouldn't go away and had constant ads and pop-ups",positive,neutral,0.688896656036377,0.0451012,0.68889666,0.26600206
this app is far too big.,negative,negative,0.5208200812339783,0.5208201,0.39934948,0.07983046
this is a good app,positive,positive,0.6130874752998352,0.0134802675,0.37343228,0.6130875
"i'm heard about security concerns related to this browser, can u explain it?",neutral,neutral,0.567120373249054,0.17636634,0.5671204,0.25651324
worst app in world,negative,negative,0.9647539258003235,0.9647539,0.026197229,0.009048817
i wish i could make funnies with my friends in them. not just in snapchat. otherwise a very fun app.,positive,positive,0.8635811805725098,0.011396434,0.1250224,0.8635812
its alright but got a long way to go to better repligo. need to be able to skip to chapters and double tap zoom should fit paragraph to screen width,neutral,neutral,0.71087247133255,0.012420676,0.7108725,0.27670693
just missing an iphone feature.,positive,neutral,0.7101161479949951,0.08368462,0.71011615,0.20619924
not as good as on the blackberry phones doesn't show a red star to let you know you have an unread message unless you open the app,neutral,neutral,0.729902446269989,0.17999479,0.72990245,0.090102814
excellent with some improvements,positive,positive,0.9064813852310181,0.009785995,0.083732545,0.9064814
add fonts and stuff,positive,positive,0.8156496286392212,0.015422656,0.16892771,0.8156496
please add some more features,positive,positive,0.6405066251754761,0.025206566,0.33428675,0.6405066
wish you could choose a friends to be part of the emoji,neutral,neutral,0.4910132586956024,0.031210566,0.49101326,0.47777617
this app is useless. if i hit the home button the app plays in the background of my phone without the tree dying. that literally defeats the entire purpose of the app,negative,negative,0.9646268486976624,0.96462685,0.026791112,0.008582171
now i accepted it,positive,positive,0.4581337571144104,0.20933679,0.33252943,0.45813376
support for password protected documents.,neutral,positive,0.6555991172790527,0.02104121,0.32335967,0.6555991
discord came out and improved on slack in every way. there is no reason to use this trash anymore.,negative,negative,0.9556094408035278,0.95560944,0.03680743,0.0075831832
not anymore waste of time,negative,negative,0.9343160390853882,0.93431604,0.051438056,0.014245944
not able to sign in,negative,negative,0.8996537327766418,0.89965373,0.08420651,0.016139671
edit: i found the lemons and how to kill trees,positive,neutral,0.6166157722473145,0.14282939,0.6166158,0.24055482
always eror <url> this app,negative,positive,0.6457399129867554,0.078445874,0.27581427,0.6457399
has too much space for ads. premium for login. there are more user friendly ways to monetize your app. the concept is ok but poorly executed,negative,negative,0.5446606278419495,0.5446606,0.42136312,0.03397625
"since using a new update, my htc one x, always not <url>",negative,negative,0.7773339152336121,0.7773339,0.19366881,0.028997315
wpupd give more stars if we could use this app on fb messenger,neutral,neutral,0.5596174001693726,0.30946803,0.5596174,0.13091455
"not more reliable as the desktop app, but it is enough to get by",neutral,neutral,0.7262493371963501,0.029634206,0.72624934,0.24411649
does not open all pdf files that you can open with adobe on the pc. uninstalled.,negative,negative,0.9607758522033691,0.96077585,0.032039817,0.0071843723
"really bad. zoom removes text, outer viewmode locks scrolling etc etc",negative,negative,0.9539769887924194,0.953977,0.038091622,0.00793133
i think the app is ment for book worms and book worms like me love it,neutral,positive,0.8456903696060181,0.030124309,0.12418531,0.84569037
chat app or ads app,negative,negative,0.8987293839454651,0.8987294,0.087337226,0.01393336
"good accuracy, clean look and good features.",positive,positive,0.9211857914924622,0.010530911,0.068283275,0.9211858
tree doesn't whether if i leave the app n play game this app sucks,negative,negative,0.9240857362747192,0.92408574,0.06695545,0.008958885
even worse than photoshop,negative,negative,0.851231038570404,0.85123104,0.11666254,0.032106407
begging for bookmark and copy paste option <url>,neutral,negative,0.7592668533325195,0.75926685,0.21567397,0.025059164
forgets where i was when killed by the system,neutral,neutral,0.47037461400032043,0.4537754,0.4703746,0.075850025
very good. am no lonnger using infinix <number> am using mi note and it is very difficut for me to update my mi note phone.,neutral,positive,0.7202359437942505,0.02126769,0.25849634,0.72023594
not easy to use,neutral,neutral,0.526992917060852,0.41783264,0.5269929,0.055174477
good app but huge filespace,neutral,positive,0.556762158870697,0.0139694465,0.4292684,0.55676216
no substitute for this great secure app for mobile communication in real time,positive,positive,0.8365614414215088,0.024891123,0.1385474,0.83656144
not for bald people,negative,neutral,0.6409392952919006,0.0685525,0.6409393,0.29050824
really useful app. totally enjoyed using it. i had downloaded this without many expectations but the simplicity and perfection that this app delivered totally blew me away. hats off to the developers !! keep up the great work !!,positive,positive,0.9015254974365234,0.017173901,0.08130058,0.9015255
"it's a good app overall, but the hourly forecast is totally unreliable. if the amatuers at weather underground can get it right <number> % of the time, why is weatherbug wrong <number> % of the time? c'mon folks, it's obviously do-able, so please try putting in the effort to get it right in the future (or at least check out the weather underground site and copy their work).",neutral,neutral,0.5332353711128235,0.014207977,0.5332354,0.45255667
so so. like other apps in the play store. nothing special.,neutral,neutral,0.7157272100448608,0.03620181,0.7157272,0.24807088
the standard tool for exchanging documents online,positive,positive,0.8815892338752747,0.02083361,0.097577125,0.88158923
please fix some bug n i will give u <number> star,neutral,neutral,0.5604953765869141,0.07655082,0.5604954,0.36295378
great app over all,positive,positive,0.9139339923858643,0.024525404,0.061540585,0.913934
the app is interactive and has all the required functions.,positive,positive,0.6100811958312988,0.044380814,0.34553802,0.6100812
it's ok but the follow me is crap,neutral,neutral,0.8374696969985962,0.031158356,0.8374697,0.13137196
update every <number> minutes,neutral,neutral,0.5041475296020508,0.38187915,0.5041475,0.11397335
"i have installed and uninstalled repeated this several times, all it wants to do is update continuously. i can't use it at all.",negative,negative,0.9534489512443542,0.95344895,0.039499126,0.007051873
used battery most show identity,negative,negative,0.7185975313186646,0.71859753,0.2543979,0.027004551
should have more filtering options. should stop nagging for a review when you've already posted one.,neutral,neutral,0.7709913849830627,0.03008833,0.7709914,0.19892032
"after reservation want to add rooms but app just crash, keep loading",negative,negative,0.7280387282371521,0.7280387,0.24348818,0.028473057
lost in the translation,negative,negative,0.4593488872051239,0.4593489,0.4464352,0.09421589
new version is much slower than the last. loading messages and channels feels sluggish and tedious.,negative,neutral,0.7773232460021973,0.131222,0.77732325,0.091454804
where did the precipitation amounts go?,negative,neutral,0.5379957556724548,0.33313853,0.53799576,0.12886572
"it's nice, but it would be great there'd be some piercings",positive,positive,0.6063586473464966,0.009849369,0.38379198,0.60635865
it's a good app,positive,positive,0.6707803606987,0.010823482,0.31839618,0.67078036
good but could be better,positive,neutral,0.6946554780006409,0.018235687,0.6946555,0.2871088
last update hosed app,negative,negative,0.8970434665679932,0.89704347,0.084747,0.01820952
"it keeps crashing. i like yet very annoying to keep <url> , weather stopped working.",neutral,neutral,0.5688082575798035,0.34103188,0.56880826,0.09015986
the app would be better if you let us use calculator and <url> bcoz sometimes while studying you have to google something <url> just a suggestion.,neutral,neutral,0.6081475615501404,0.030355787,0.60814756,0.36149663
"i love the amount of data and the warnings. however in the last <number> months the application has failed to work often at least once a day. if this issue could be solved, i would give the app <number> stars.",neutral,positive,0.8743221759796143,0.018239642,0.107438155,0.8743222
you just need to add box braids as a hairstyle,positive,positive,0.8189597725868225,0.019207187,0.16183302,0.8189598
its nice to receive anything,positive,positive,0.6914820671081543,0.010007653,0.29851025,0.69148207
this app is awful,negative,negative,0.9518734812736511,0.9518735,0.039514724,0.00861178
"bummer! now i am a former usser!!!! no-ads weatherbug, where are you? hello?",negative,negative,0.6973252296447754,0.6973252,0.26922315,0.0334516
good for an <url>,neutral,neutral,0.6439198851585388,0.030325428,0.6439199,0.32575464
this is very bad,neutral,negative,0.95144122838974,0.9514412,0.039691254,0.008867611
doesnt work on the gs <number>,negative,negative,0.9290750026702881,0.929075,0.062400598,0.008524378
too much ads not good for kids,neutral,neutral,0.6905381679534912,0.23436119,0.69053817,0.07510062
not working properly in android above <number> . <number>,positive,negative,0.9174853563308716,0.91748536,0.07113002,0.01138457
slow sometimes especially during video and audio calls. the app just hangs and stops working.,positive,neutral,0.8075372576713562,0.09729621,0.80753726,0.095166616
if i could alter the apps appearance to allow for inverted colour schemes i would give it <number> stars other than that this is a brilliant app.,positive,positive,0.893833339214325,0.013797447,0.092369206,0.89383334
one of the <signature>,neutral,positive,0.9126293659210205,0.016208313,0.071162306,0.91262937
"it's not working for me, i'm using samsung tab <number> mini, it's asking for confirmation of date of birth",negative,negative,0.8437776565551758,0.84377766,0.14218318,0.01403922
"i can use other app meanwhile timer is running , so no use waste app",negative,negative,0.907573938369751,0.90757394,0.078505,0.013921123
app is up to date and easy to read.,positive,positive,0.8389099836349487,0.015100572,0.14598949,0.83891
"do not waste your time. if u think u can save the earth but no, you have to buy premium first to plant trees. absolute a waste timer",negative,negative,0.9647417664527893,0.96474177,0.02804267,0.007215566
sluggish compared to other pdf readers but renders well.,neutral,neutral,0.6849765777587891,0.01956583,0.6849766,0.2954576
"i don't need this, but i'm sure someone will need it.",positive,neutral,0.6501432061195374,0.05750529,0.6501432,0.29235148
"really fast, good and probably the <signature>",positive,positive,0.9052543044090271,0.012142046,0.082603656,0.9052543
"my team, tired of waiting for a department driven initiative for collaboration tools, decided to start using this for ourselves. it's been a great experience so far - quicker responses, easy file sharing, organising social outings and reaching out to the whole team at once etc. the <signature>",positive,positive,0.9114105105400085,0.019761283,0.06882818,0.9114105
bad uploaded pic display,negative,negative,0.910692572593689,0.9106926,0.07705958,0.012247848
i like this app is very useful,neutral,positive,0.9050911068916321,0.014081366,0.080827534,0.9050911
"i was not able to open the app even after reinstalling it twice so instead i installed ""flip flop"" app which is also a similar app",negative,negative,0.8212572932243347,0.8212573,0.15376948,0.02497322
what's with all the new permissions?,negative,negative,0.7576269507408142,0.75762695,0.20742717,0.03494584
the new automatic markdown feature sucks!!! and you cannot turn it off,negative,negative,0.9541443586349487,0.95414436,0.03842421,0.0074315206
now it use very long time for export photo.,negative,positive,0.7537434697151184,0.03776424,0.20849228,0.75374347
can't import pictures,negative,negative,0.5950390100479126,0.595039,0.37340233,0.031558644
i love it but for some reason it doesn't work well on my samsung. if it worked better with my phone a higher rating,neutral,positive,0.6646794080734253,0.02447881,0.31084174,0.6646794
did more things to say and more holiday,neutral,positive,0.6029713153839111,0.06465462,0.33237413,0.6029713
can not open edited images on my galaxy note <number>,negative,neutral,0.49108338356018066,0.46496025,0.49108338,0.04395643
the confirmation details is not shown on <number> rd party screen. not useful if i have to inform <number> rd party of the confirmation details.,neutral,neutral,0.7369352579116821,0.19047907,0.73693526,0.07258569
never sends the correct emoji.,negative,negative,0.7183836102485657,0.7183836,0.25841114,0.023205204
please add save image setting,positive,neutral,0.6555269360542297,0.054524764,0.65552694,0.28994834
i cant run the app after new update!!!,neutral,negative,0.9547048807144165,0.9547049,0.038301613,0.006993438
ads thats the only thing spoiling this <url> bcz ads are source of income <url> lose this app the source ur getting ads,negative,negative,0.8957633376121521,0.89576334,0.09149332,0.012743353
i have had this app for a while and it works really well,negative,positive,0.8689647912979126,0.0143542895,0.116680965,0.8689648
mostly good except- sucks too much background data and not freindly to my battery . should shut itself down.,neutral,neutral,0.773050844669342,0.025139602,0.77305084,0.20180959
"fairly accurate, wish the radar would update a little quicker",positive,positive,0.8857192397117615,0.009046177,0.105234616,0.88571924
what's up with it?,negative,negative,0.7698236107826233,0.7698236,0.20025747,0.029918863
up browser is <signature>,positive,positive,0.5883203744888306,0.09628149,0.31539816,0.5883204
nice app but i can't highlight my text i pressed that longer but it couldn't work please check this out,positive,neutral,0.6754926443099976,0.025929688,0.67549264,0.29857767
love it but the radar needs future time,positive,positive,0.5967251062393188,0.028713778,0.37456104,0.5967251
itss ok but not good at <url>,neutral,neutral,0.8334997892379761,0.0347778,0.8334998,0.13172239
animation does not work. really disappointed. use everyday for work. moving on to the weather channel app. never fails.,negative,negative,0.9455599784851074,0.94556,0.046388,0.008051985
"maybe if the app followed material design guidelines, i would have rated it <number> stars. the controls are based on ios, so it's not easy to find your way, but overall it's a good photo app.",positive,neutral,0.5058777332305908,0.014624802,0.50587773,0.47949743
new layout v <number>,positive,neutral,0.5423359870910645,0.16969624,0.542336,0.28796777
it does not install,positive,negative,0.9544564485549927,0.95445645,0.037317008,0.008226556
"its amazing app, but unfortunately after the new updation the app forced to close when importing a new photo. so please fix that bug immediately",positive,neutral,0.5569961071014404,0.025082706,0.5569961,0.41792116
try hotel tonight - $ <number> free,neutral,negative,0.8215456604957581,0.82154566,0.15271495,0.02573942
"it's like <number> stars for the app, <number> star for new booking assistant. god damn it, how the hell can i just answer the message i got from a property???!!! why do i need to see <number> questions of an assistant instead, that i can not delete and that just mess up all the dialog! hate it. really hate this feature! do like everything else though.",positive,negative,0.6786149740219116,0.678615,0.27310538,0.048279587
been a good weather app for me! thumbs up!,positive,positive,0.6753618717193604,0.024143402,0.3004947,0.6753619
i guess it's <url>,positive,neutral,0.557705283164978,0.09983644,0.5577053,0.3424583
loved it before update,neutral,negative,0.6181334257125854,0.6181334,0.33973673,0.04212987
it is good news app but some improvement required in spelling and language.,positive,positive,0.8275240659713745,0.009721943,0.16275401,0.82752407
"as a frequent user , you should have few options as reward the client should choose between",positive,positive,0.8447034358978271,0.018205296,0.13709131,0.84470344
no bookmark or jump to <url> really annoying,negative,negative,0.5891767740249634,0.5891768,0.3750662,0.035757106
app is <url> service sucks,neutral,negative,0.546414315700531,0.5464143,0.36174464,0.0918411
i can't use web mobile in <url>,negative,negative,0.8286659717559814,0.828666,0.15261541,0.018718565
the new button is super poopy.,negative,neutral,0.4722232222557068,0.073999815,0.47222322,0.45377696
"i love it, but desperately needs to save last <url> and place within that <url> a bookmarking function!",neutral,positive,0.6844418048858643,0.055028975,0.26052925,0.6844418
"simple to use,in a straight forward easy to understand format. <signature>",positive,positive,0.9118953347206116,0.013624466,0.07448026,0.91189533
i saw no last minute rates as promised on the description.,negative,neutral,0.641090452671051,0.25505656,0.64109045,0.10385303
if you browse like i do this is a must have. i rated it <number> stars before but now it is becoming a mess. you are killing its reputation with ads. i must wait for few seconds advert to finish before browsing.,neutral,negative,0.8481525778770447,0.8481526,0.13248092,0.019366473
the drawer is old,negative,neutral,0.6057790517807007,0.27955344,0.60577905,0.114667475
what a great messanger. you make us who separated a kilometers away can gather in one place. keep <url>,positive,negative,0.8128035664558411,0.81280357,0.16593581,0.02126058
add text option please,neutral,positive,0.6761294007301331,0.020949658,0.30292088,0.6761294
new logo looks like swastika maybe next time dev team will worked on app ram usage?,negative,neutral,0.6251586079597473,0.092345,0.6251586,0.2824964
don't use. can't uninstall on tablet,neutral,negative,0.9553244113922119,0.9553244,0.038360313,0.006315317
fast but doesn't allow you to jump to pages no good for big ebooks,neutral,neutral,0.777088463306427,0.09171057,0.77708846,0.13120095
how can i make a video call??,positive,neutral,0.496524453163147,0.11398971,0.49652445,0.38948587
easy to use and useful,positive,positive,0.918079674243927,0.011588763,0.070331566,0.9180797
"i saw this app on engadget and was excited to try it. however, the hdr mode does not work on my phone. i have a samsung galaxy s <number> edge. it is listed as one of the phones that works but the option for hdr is not available on the drop-down menu.",neutral,neutral,0.6919285655021667,0.23373704,0.69192857,0.07433437
i was able to update and view my bookings very easily. very convenient.,positive,positive,0.9256520867347717,0.013783036,0.06056485,0.9256521
"it lost all my progress! i had the cat tree, octopus, etc",negative,negative,0.8399026393890381,0.83990264,0.14220206,0.017895285
best crashes ever!!!! worthless,negative,negative,0.9606413245201111,0.9606413,0.031430572,0.007928175
radar map never loads first try.,neutral,negative,0.9139053225517273,0.9139053,0.07438868,0.011706061
"simple to the massage, i like bbm,cause i can see when the massage have delivered n read .",positive,positive,0.8593797087669373,0.016016373,0.12460394,0.8593797
its <url> make something <url>,neutral,neutral,0.5747123956680298,0.17319632,0.5747124,0.25209126
this is my favorite weather app to use. i've used it since i was a teenager. the only problem i have is that the hourly forecast is almost never right which is very inconvenient for me considering i work outside. on the bright side you can look at the radar and pretty much tell what what is gonna hit you.,neutral,positive,0.8065475225448608,0.026743146,0.16670933,0.8065475
cant connect to facebook,neutral,negative,0.9137848615646362,0.91378486,0.07755282,0.008662405
"i like it and think it's super cute and fun, but i wish it had more such as maybe tattoos or piercings and i wish you could create outfits instead of picking an outfit",positive,positive,0.9085634350776672,0.012349067,0.079087496,0.90856344
good for quick edits on the move,positive,positive,0.6323455572128296,0.015524717,0.35212976,0.63234556
why the almost daily updates?,neutral,neutral,0.6924830675125122,0.12179659,0.69248307,0.18572031
terrible. i don't need creative cloud!,negative,negative,0.9612219333648682,0.96122193,0.029493434,0.009284641
sign up form doesn't work and this app doesnt work without an adobe account so it was just a waste of time.,negative,negative,0.9639226198196411,0.9639226,0.027812228,0.008265163
love it but a problem?,positive,positive,0.6911462545394897,0.017799048,0.29105473,0.69114625
does what supposed to an as far as forcast go seems good,positive,neutral,0.6304412484169006,0.019331556,0.63044125,0.35022727
i can't import alot of my photos!,neutral,negative,0.6064799427986145,0.60647994,0.3575676,0.035952475
horrible pdf reader. there are much better alternatives.,negative,negative,0.9584966897964478,0.9584967,0.03213602,0.009367254
"it's great that it can read my truck's <number> , <number> page service manual right here on my phone; but i can't find anything if there is no search feature!!",neutral,positive,0.7778124809265137,0.01426303,0.20792444,0.7778125
it does logout of account after closing,positive,negative,0.6044021248817444,0.6044021,0.34023118,0.05536671
"love it. would be great if you could include options to dodge and burn images, too.",positive,positive,0.8404119610786438,0.016384097,0.14320396,0.84041196
i don't like that i can't attach to a text in gboard. i have to go through bitmoji to send in a text. it is easier to send in iphone and i can't do friendmojis,positive,neutral,0.7253478765487671,0.17965215,0.7253479,0.095
"does not work on the captivate at <url> very disapointed, it just says it has failed to read found files.",negative,negative,0.9278792142868042,0.9278792,0.063983195,0.008137651
it's an useful app,positive,positive,0.8132703304290771,0.011178858,0.1755508,0.81327033
is the white house in charge of it?,negative,neutral,0.3838508129119873,0.38252062,0.3838508,0.23362862
weather automation doesn't work anymore so it's stupid,negative,negative,0.9310528039932251,0.9310528,0.060557034,0.008390226
some times its just boarding,neutral,neutral,0.7382843494415283,0.052556988,0.73828435,0.20915875
i deplore pdfs of all kinds. <url> the only thing that can read a pdf. but this app does <url> it still sux,negative,neutral,0.6012510061264038,0.30917764,0.601251,0.089571394
installs another app without warning,negative,negative,0.9366787075996399,0.9366787,0.053557362,0.009763958
it's your app so you get to choose your logo. but this new one confusing my son that slack is a game and he is complaining i keep playing this game all the time but have no shame in denying his rights to play games eternally. ps: unable to view old items unless we pay is gross.,neutral,negative,0.8021113276481628,0.8021113,0.18037017,0.017518511
"other parties doin better ""reader n even writer"" than adobe!",negative,neutral,0.6194437146186829,0.1816791,0.6194437,0.19887717
takes too much time to load sometimes,positive,neutral,0.8114966750144958,0.102612145,0.8114967,0.085891224
it is an interesting app that uses a lot of memory. but great communication tool,neutral,positive,0.8747016191482544,0.012099879,0.11319851,0.8747016
it's amazing and faster then other <url>,neutral,positive,0.828697681427002,0.019233245,0.15206906,0.8286977
best weather app out there until it stopped working. won't load anything now. please <url>,negative,neutral,0.5413646101951599,0.08555355,0.5413646,0.37308183
will be much better if it has read out <url>,positive,neutral,0.6133192777633667,0.031058114,0.6133193,0.35562262
good overall but seems to have an issue of being unavailable or offline when other weather apps are working just fine providing the same info. <url> radar,positive,neutral,0.5369320511817932,0.0130347945,0.53693205,0.4500332
does the camera support long exposure?,positive,neutral,0.691731870174408,0.035620872,0.69173187,0.2726473
i enjoy using it. i just have to play with it more to get more experience,positive,positive,0.9116919636726379,0.018125134,0.070182964,0.91169196
it helps me a lot,positive,positive,0.8894515633583069,0.013999003,0.09654942,0.88945156
not bad at all. great improvement.,positive,positive,0.805725634098053,0.009813051,0.1844613,0.80572563
plenty of unnessary ads,negative,neutral,0.5783511996269226,0.34696093,0.5783512,0.074687876
the news feed so annoying please avoid this type of <url> or add a button for stop news <url>,negative,neutral,0.6770795583724976,0.23007722,0.67707956,0.09284321
can be a bit complicated and in your face but it does a good job and is well supported by venues.,positive,positive,0.6507893204689026,0.014512536,0.33469814,0.6507893
i liked it. no reply on mobile though.,positive,neutral,0.7250978946685791,0.11474514,0.7250979,0.16015701
"works perfectly with snapchat, i hope soon it has more goth/alternative outfits and options for piercings and ear spacers. love the new hair options!",positive,positive,0.9257693290710449,0.015173416,0.05905726,0.9257693
"it used to be a <number> star app but not every time i try to open it it crashes, please fix this asap",negative,negative,0.7572148442268372,0.75721484,0.21377313,0.029012011
where's the support?,negative,neutral,0.5358549356460571,0.13455628,0.53585494,0.3295888
i think nice but mobile hang krta h,neutral,positive,0.6750475764274597,0.015129679,0.30982277,0.6750476
please add fonts in this app to write . <signature>,neutral,positive,0.7369700074195862,0.036370713,0.22665925,0.73697
"worked once, then has never worked again.",negative,negative,0.8603981137275696,0.8603981,0.12163872,0.017963143
fix the radar! what is taking so long? i'm very close to deleting this app for good. i doubt i'm alone!,negative,negative,0.8798502087593079,0.8798502,0.10633057,0.013819143
it is good aap for searching and downloading <url>,positive,positive,0.6395964622497559,0.016042441,0.34436113,0.63959646
while controlling shutter speed whole app is getting freezed.,neutral,neutral,0.4816444218158722,0.4562616,0.48164442,0.06209402
"no full language support. what a shame, adobe.",negative,negative,0.9617672562599182,0.96176726,0.031225812,0.007006931
it's nice <url>,neutral,positive,0.5131192207336426,0.012873911,0.47400686,0.5131192
"this app is not at all what i had expected. it is very hard to use. at the beggining, you get small info about one fature of the app. once you start to use it, the purpose just gets confusing, how does the tree grow? is the time a stopclock, a timer, im so confused! please improve this app to be more user friendly!",negative,neutral,0.6676529049873352,0.23123492,0.6676529,0.10111218
lost status bar info,neutral,negative,0.5823109745979309,0.582311,0.35435325,0.06333576
it was fine before i was forced to update.,neutral,neutral,0.47774022817611694,0.4517327,0.47774023,0.070527054
